/*
Navicat MySQL Data Transfer

Source Server         : localhost
Source Server Version : 50628
Source Host           : localhost:3306
Source Database       : pss

Target Server Type    : MYSQL
Target Server Version : 50628
File Encoding         : 65001

Date: 2017-09-25 22:54:39
*/

SET FOREIGN_KEY_CHECKS=0;

-- ----------------------------
-- Table structure for `act_evt_log`
-- ----------------------------
DROP TABLE IF EXISTS `act_evt_log`;
CREATE TABLE `act_evt_log` (
  `LOG_NR_` bigint(20) NOT NULL AUTO_INCREMENT,
  `TYPE_` varchar(64) COLLATE utf8_bin DEFAULT NULL,
  `PROC_DEF_ID_` varchar(64) COLLATE utf8_bin DEFAULT NULL,
  `PROC_INST_ID_` varchar(64) COLLATE utf8_bin DEFAULT NULL,
  `EXECUTION_ID_` varchar(64) COLLATE utf8_bin DEFAULT NULL,
  `TASK_ID_` varchar(64) COLLATE utf8_bin DEFAULT NULL,
  `TIME_STAMP_` timestamp(3) NOT NULL DEFAULT CURRENT_TIMESTAMP(3) ON UPDATE CURRENT_TIMESTAMP(3),
  `USER_ID_` varchar(255) COLLATE utf8_bin DEFAULT NULL,
  `DATA_` longblob,
  `LOCK_OWNER_` varchar(255) COLLATE utf8_bin DEFAULT NULL,
  `LOCK_TIME_` timestamp(3) NULL DEFAULT NULL,
  `IS_PROCESSED_` tinyint(4) DEFAULT '0',
  PRIMARY KEY (`LOG_NR_`)
) ENGINE=InnoDB DEFAULT CHARSET=utf8 COLLATE=utf8_bin;

-- ----------------------------
-- Records of act_evt_log
-- ----------------------------

-- ----------------------------
-- Table structure for `act_ge_bytearray`
-- ----------------------------
DROP TABLE IF EXISTS `act_ge_bytearray`;
CREATE TABLE `act_ge_bytearray` (
  `ID_` varchar(64) COLLATE utf8_bin NOT NULL DEFAULT '',
  `REV_` int(11) DEFAULT NULL,
  `NAME_` varchar(255) COLLATE utf8_bin DEFAULT NULL,
  `DEPLOYMENT_ID_` varchar(64) COLLATE utf8_bin DEFAULT NULL,
  `BYTES_` longblob,
  `GENERATED_` tinyint(4) DEFAULT NULL,
  PRIMARY KEY (`ID_`),
  KEY `ACT_FK_BYTEARR_DEPL` (`DEPLOYMENT_ID_`),
  CONSTRAINT `ACT_FK_BYTEARR_DEPL` FOREIGN KEY (`DEPLOYMENT_ID_`) REFERENCES `act_re_deployment` (`ID_`)
) ENGINE=InnoDB DEFAULT CHARSET=utf8 COLLATE=utf8_bin;

-- ----------------------------
-- Records of act_ge_bytearray
-- ----------------------------
INSERT INTO `act_ge_bytearray` VALUES ('2', '2', 'source', null, 0x7B227265736F757263654964223A2231222C2270726F70657274696573223A7B2270726F636573735F6964223A2270726F63657373222C226E616D65223A22222C22646F63756D656E746174696F6E223A22222C2270726F636573735F617574686F72223A22222C2270726F636573735F76657273696F6E223A22222C2270726F636573735F6E616D657370616365223A22687474703A2F2F7777772E61637469766974692E6F72672F70726F63657373646566222C22657865637574696F6E6C697374656E657273223A22222C226576656E746C697374656E657273223A22222C227369676E616C646566696E6974696F6E73223A22222C226D657373616765646566696E6974696F6E73223A22227D2C227374656E63696C223A7B226964223A2242504D4E4469616772616D227D2C226368696C64536861706573223A5B7B227265736F757263654964223A227369642D37344433304438332D433543342D343334302D393043382D454631333046443044393435222C2270726F70657274696573223A7B226F766572726964656964223A22222C226E616D65223A22222C22646F63756D656E746174696F6E223A22222C22657865637574696F6E6C697374656E657273223A22222C22696E69746961746F72223A22222C22666F726D6B6579646566696E6974696F6E223A22222C22666F726D70726F70657274696573223A22227D2C227374656E63696C223A7B226964223A2253746172744E6F6E654576656E74227D2C226368696C64536861706573223A5B5D2C226F7574676F696E67223A5B5D2C22626F756E6473223A7B226C6F7765725269676874223A7B2278223A3335332C2279223A3131387D2C2275707065724C656674223A7B2278223A3332332C2279223A38387D7D2C22646F636B657273223A5B5D7D5D2C22626F756E6473223A7B226C6F7765725269676874223A7B2278223A313230302C2279223A313035307D2C2275707065724C656674223A7B2278223A302C2279223A307D7D2C227374656E63696C736574223A7B2275726C223A227374656E63696C736574732F62706D6E322E302F62706D6E322E302E6A736F6E222C226E616D657370616365223A22687474703A2F2F62336D6E2E6F72672F7374656E63696C7365742F62706D6E322E3023227D2C227373657874656E73696F6E73223A5B5D7D, null);
INSERT INTO `act_ge_bytearray` VALUES ('2502', '2', 'source', null, 0x7B227265736F757263654964223A2232353031222C2270726F70657274696573223A7B2270726F636573735F6964223A2270726F63657373222C226E616D65223A22222C22646F63756D656E746174696F6E223A22222C2270726F636573735F617574686F72223A22222C2270726F636573735F76657273696F6E223A22222C2270726F636573735F6E616D657370616365223A22687474703A2F2F7777772E61637469766974692E6F72672F70726F63657373646566222C22657865637574696F6E6C697374656E657273223A22222C226576656E746C697374656E657273223A22222C227369676E616C646566696E6974696F6E73223A22222C226D657373616765646566696E6974696F6E73223A22227D2C227374656E63696C223A7B226964223A2242504D4E4469616772616D227D2C226368696C64536861706573223A5B7B227265736F757263654964223A227369642D37363934453536442D373931342D343639332D423532422D464446373232393434363034222C2270726F70657274696573223A7B226F766572726964656964223A22222C226E616D65223A22222C22646F63756D656E746174696F6E223A22222C22657865637574696F6E6C697374656E657273223A22222C22696E69746961746F72223A22222C22666F726D6B6579646566696E6974696F6E223A22222C22666F726D70726F70657274696573223A22227D2C227374656E63696C223A7B226964223A2253746172744E6F6E654576656E74227D2C226368696C64536861706573223A5B5D2C226F7574676F696E67223A5B7B227265736F757263654964223A227369642D43313634344144372D323939442D344333352D423641432D423735394632414243373739227D5D2C22626F756E6473223A7B226C6F7765725269676874223A7B2278223A3136382C2279223A3137387D2C2275707065724C656674223A7B2278223A3133382C2279223A3134387D7D2C22646F636B657273223A5B5D7D2C7B227265736F757263654964223A227369642D30383435333331312D383331302D343743312D414433462D424330463145313843364133222C2270726F70657274696573223A7B226F766572726964656964223A226872636865636B222C226E616D65223A226872E5AEA1E6A0B8222C22646F63756D656E746174696F6E223A22222C226173796E6368726F6E6F7573646566696E6974696F6E223A2266616C7365222C226578636C7573697665646566696E6974696F6E223A2266616C7365222C22657865637574696F6E6C697374656E657273223A22222C226D756C7469696E7374616E63655F74797065223A224E6F6E65222C226D756C7469696E7374616E63655F63617264696E616C697479223A22222C226D756C7469696E7374616E63655F636F6C6C656374696F6E223A22222C226D756C7469696E7374616E63655F7661726961626C65223A22222C226D756C7469696E7374616E63655F636F6E646974696F6E223A22222C226973666F72636F6D70656E736174696F6E223A2266616C7365222C22757365727461736B61737369676E6D656E74223A22222C22666F726D6B6579646566696E6974696F6E223A22222C2264756564617465646566696E6974696F6E223A22222C227072696F72697479646566696E6974696F6E223A22222C22666F726D70726F70657274696573223A22222C227461736B6C697374656E657273223A22227D2C227374656E63696C223A7B226964223A22557365725461736B227D2C226368696C64536861706573223A5B5D2C226F7574676F696E67223A5B7B227265736F757263654964223A227369642D46333832413933382D423435452D343531352D384430462D303635364232303830424339227D5D2C22626F756E6473223A7B226C6F7765725269676874223A7B2278223A3434352C2279223A3230337D2C2275707065724C656674223A7B2278223A3334352C2279223A3132337D7D2C22646F636B657273223A5B5D7D2C7B227265736F757263654964223A227369642D41433433433834382D373446342D343643352D383930462D354339323745413239464542222C2270726F70657274696573223A7B226F766572726964656964223A22222C226E616D65223A22222C22646F63756D656E746174696F6E223A22222C22657865637574696F6E6C697374656E657273223A22227D2C227374656E63696C223A7B226964223A22456E644E6F6E654576656E74227D2C226368696C64536861706573223A5B5D2C226F7574676F696E67223A5B5D2C22626F756E6473223A7B226C6F7765725269676874223A7B2278223A3638382C2279223A3137377D2C2275707065724C656674223A7B2278223A3636302C2279223A3134397D7D2C22646F636B657273223A5B5D7D2C7B227265736F757263654964223A227369642D43313634344144372D323939442D344333352D423641432D423735394632414243373739222C2270726F70657274696573223A7B226F766572726964656964223A22222C226E616D65223A22222C22646F63756D656E746174696F6E223A22222C22636F6E646974696F6E73657175656E6365666C6F77223A22222C22657865637574696F6E6C697374656E657273223A22222C2264656661756C74666C6F77223A2266616C7365227D2C227374656E63696C223A7B226964223A2253657175656E6365466C6F77227D2C226368696C64536861706573223A5B5D2C226F7574676F696E67223A5B7B227265736F757263654964223A227369642D30383435333331312D383331302D343743312D414433462D424330463145313843364133227D5D2C22626F756E6473223A7B226C6F7765725269676874223A7B2278223A3334342E38343337352C2279223A3136337D2C2275707065724C656674223A7B2278223A3136382E313739363837352C2279223A3136337D7D2C22646F636B657273223A5B7B2278223A31352C2279223A31357D2C7B2278223A35302C2279223A34307D5D2C22746172676574223A7B227265736F757263654964223A227369642D30383435333331312D383331302D343743312D414433462D424330463145313843364133227D7D2C7B227265736F757263654964223A227369642D46333832413933382D423435452D343531352D384430462D303635364232303830424339222C2270726F70657274696573223A7B226F766572726964656964223A22222C226E616D65223A22222C22646F63756D656E746174696F6E223A22222C22636F6E646974696F6E73657175656E6365666C6F77223A22222C22657865637574696F6E6C697374656E657273223A22222C2264656661756C74666C6F77223A2266616C7365227D2C227374656E63696C223A7B226964223A2253657175656E6365466C6F77227D2C226368696C64536861706573223A5B5D2C226F7574676F696E67223A5B7B227265736F757263654964223A227369642D41433433433834382D373446342D343643352D383930462D354339323745413239464542227D5D2C22626F756E6473223A7B226C6F7765725269676874223A7B2278223A3635392E3932313837352C2279223A3136337D2C2275707065724C656674223A7B2278223A3434352E30343239363837352C2279223A3136337D7D2C22646F636B657273223A5B7B2278223A35302C2279223A34307D2C7B2278223A31342C2279223A31347D5D2C22746172676574223A7B227265736F757263654964223A227369642D41433433433834382D373446342D343643352D383930462D354339323745413239464542227D7D5D2C22626F756E6473223A7B226C6F7765725269676874223A7B2278223A313230302C2279223A313035307D2C2275707065724C656674223A7B2278223A302C2279223A307D7D2C227374656E63696C736574223A7B2275726C223A227374656E63696C736574732F62706D6E322E302F62706D6E322E302E6A736F6E222C226E616D657370616365223A22687474703A2F2F62336D6E2E6F72672F7374656E63696C7365742F62706D6E322E3023227D2C227373657874656E73696F6E73223A5B5D7D, null);
INSERT INTO `act_ge_bytearray` VALUES ('2504', '1', 'source', null, 0x7B226964223A2263616E766173222C227265736F757263654964223A2263616E766173222C227374656E63696C736574223A7B226E616D657370616365223A22687474703A2F2F62336D6E2E6F72672F7374656E63696C7365742F62706D6E322E3023227D7D, null);
INSERT INTO `act_ge_bytearray` VALUES ('5002', '1', 'source', null, 0x7B226964223A2263616E766173222C227265736F757263654964223A2263616E766173222C227374656E63696C736574223A7B226E616D657370616365223A22687474703A2F2F62336D6E2E6F72672F7374656E63696C7365742F62706D6E322E3023227D7D, null);
INSERT INTO `act_ge_bytearray` VALUES ('7501', '1', 'source-extra', null, 0x89504E470D0A1A0A0000000D4948445200000193000000A8080600000025D603BB000000206348524D00007A26000080840000FA00000080E8000075300000EA6000003A98000017709CBA513C0000000467414D410000B18E7CFB5193000000017352474200AECE1CE900000006624B474400FF00FF00FFA0BDA793000000097048597300000EC400000EC401952B0E1B0000059F4944415478DAEDDD6F6895D71D07F027373737695D121B5B0838B191C4C5FF512641AA2B6CB60E657B2553E7603028B1ECC57CE706155F4CE81BF1D568992C0C65982B66EA0A22449946340833F1CFBD641BD7D25A89496DD5C428069AE4EE39D696513A48DBE40E9E7E3E10CE0DE4DE0387877CF9DDF33CBF134500000000000000000000000000000000000000000000000000000000000000000000000000000000000000000000000000000000000000000000000000000000000000000000000000000000000000000000000000000000000000000000000000000000000000000000000000000000000000000000000000000000000000000000000000000000003075659600606A8AC562552E97FBE5952B577E3E3838D872FBF6ED671F3C78901E1B1B8BD2E974B1BABAFA93BABABA819A9A9A9EF8CF7FBF6BD7AE7F0B13003E0F9163C78E1DE8EFEFDF76F7EEDDF4A2458BA2152B5644F3E6CD8BE2F088AAAAAAA21028A3A3A3D1AD5BB7A27C3E1FF5F5F51553A9D4078F1E3DDA7BE0C0813F0913806FB14B972EFDEACC99336F8D8C8C546EDDBAF549889497974FE9BDD7AE5D8BB2D9ECC4FDFBF70BF7EEDDFBC9D1A3476F24759DCA5D2A005F5A8DA457AD5A75A6B3B3F337EBD6AD4BEFD8B1239A3B776E14571B53FE8CFAFAFA68FDFAF5A98A8A8AE76FDCB8F1DAEAD5AB3FECEDEDED132600DF9220E9EEEEEE3979F2E44B3B77EE8CD6AC59F39542E48B1A1B1BA39696968A8B172FBE128FC37D7D7DFF10260009172A921024BB77EF7EB22F321D66CF9E1DB5B6B6569C3D7BF6070B172EBC95CFE7AF0B1380840A7B24E1ABAD50914C57907C66D6AC59D1F2E5CB33E7CF9FFFE1E2C58BFF1607CAC74959B7944B07E053E1AEADAEAEAEB7376DDA14353535CDC81CF3E7CF8FB66CD952994AA5FE9CA4B51326004F9D3871A27D747434B361C386199D67E3C68DCFD4D6D6366CDBB6ED17C204206155493E9FFF59B8FDB7A2A262C6E76B6B6B7B2EAE4E7E2D4C0012243CD97EE7CE9D74788EA414C2DE49656565431C5E2F0A138084082D52BECA0389D361D9B26543F1B05998002444E8B5B574E9D292CED9DADA3A3B1E5E16260009119A36863BAD4A69C18205CFC6434B12D62FED120288A2D0FD373C58584AB5B5B52FC4C398CA04202142D7DFD0FDB7949ECE579584F5132600B1CACACA620894527AFCF8F1872A138004A9A9A9F9647878B8A473C6F38DC443225AAA081380E84923C60F6EDEBC59D23973B9DCBBF17055980024A732E90E272496524F4F4F311EBA850940428C8C8CBC79F5EAD5C9898989524D395628149AE3B153980024C4DEBD7BDFCD6432EF85A3764BA1ABABEBAF939393B7B3D9ECFBC2042059D5C9EF0E1F3E3C5E82EA64F8E0C1838BCBCACAFE9894B51326004FB5B7B71F7DF8F0E13F4F9D3A35A3F3ECDBB72F54258F060707B3C2042099D5C94F8F1F3FFEB85028CCC8E7E772B9777A7B7B37C555C96BE7CE9D1B4FCABA39B617E0BFE4F3F9E1254B96BC7FF9F2E51F8733DBC351BBD3656060E0E29E3D7BBE17BFFC6D4747C7DF93B46EC204E00BAE5FBF9E6B6E6E1EBA70E1C28FE2313367CE9C69A94842904C4C4CBC9DCD66DF4ADA9A0913802FFFE77FA5B1B1F1BD38505E2D2F2F1F6F6A6ACAA4525F6B676078FFFEFDD923478EBC5C2C16DF88C73F2471BDCA5C3200FF5B3809310E91F6EAEAEA256D6D6D352B57AE7C668A6F1D3B7DFAF48943870E358E8F8F8F853D928E8E8E7F25759D8409C0D44265731C2AAF67329965CDCDCD1FAD5DBBF63B0D0D0D99BABABAFAD0FD37346D0CBDB6FAFBFB0B7135535E2814C2575A03F15BDB878686FE92A4CD766102F00D6DDFBEFDBB9393939B8BC5E24BF1AFDF8F7FEAA34FDBC887EEBFA16963E8B5155AA47426E5814400000000000000000000000000000000000000000000000000000000000000000000000000000000000000000000000000000000000000000000000000000000000000000000000000000000F8BFFA0F1354B54497D656FE0000000049454E44AE426082, null);
INSERT INTO `act_ge_bytearray` VALUES ('7502', '1', 'source-extra', null, 0x89504E470D0A1A0A0000000D49484452000002E2000000FD0806000000F9FC1258000000206348524D00007A26000080840000FA00000080E8000075300000EA6000003A98000017709CBA513C0000000467414D410000B18E7CFB5193000000017352474200AECE1CE900000006624B474400FF00FF00FFA0BDA793000000097048597300000EC400000EC401952B0E1B000014A04944415478DAEDDD0B7055F59D07F093074910084881A2EB035C5C418B626B6547A9A245B168D519ED0A0559755AD175DDA95AA576B4CB2A56AAE8AA5DAB55581571C50795DABA08BA53A8D4B1AE2234A9ACB248F00101792410204292BBFFFF59C344051B21CF9BCF67E6CC7DE4DE9BE477EF39E77BFEF77FFEFF2401000000000000000000000000000000000000000000000000000000000000000000000000000000000000000000000000000000000000000000000000000000000000000000000000000000000000000000000000000000000000000000000000000000000000000000000000000000000000000000000000000000000000000000000000000000000000000000000000000000000000000000000000000000000000000000000000000000000000000000000000000000000000000000000000000000000000000000000000000000000000000000000000000000000000000000000000000000000000000000000000000000000000000000000000000000000000000000000000000000000000000000000000000000000000000000000000000000000000000000000000000000000000000000000000000000000000000000000000000000000000000000000000000000000000000000000000000000B2508E1200B4AC4C2653B472E5CA7FACAAAA1AB76DDBB623B66EDD5A545757A730FBBA43CBC9C91416166E2828287875E7CE9D53870D1BF63B55010471005221805FB67EFDFA3BAAABABF7EBDBB76FD2BD7BF7A45BB76E496E6EAEE2ECA37830130E6E92CD9B3727E5E5E53B6A6B6B976DDFBE7DDCC891234B550710C4013AB077DF7D77CE3BEFBC73CE21871C921C78E081B10557519AD1EAD5AB93B2B2B2ED994C66CCA9A79EFA6B1501DA9A3C25006899101E9673060D1A94F4EEDD5B086F01F19B869E3D7B765AB76EDD99E3C68D2B993163C6DBAA0208E2001D48EC8E525656764D0CE1C5C5C59FF9F947556B93F2379F49CA97FD3A59BFF277C9B64D2B93C22E7D92FCC262C5DB47050505318C179697978F1A3B76EC733367CE5CA72A405BA1532240338A2766C63EE1B13BCA9E42F87B8BFF3DA95AFF565257BB23C9D4D524DB36AE48DE7D7D7A52BDF903056C025DBA7449FAF5EB57979797778F6A0082384007114747892766C63EE1BBB371D54B49CD8EAD9FB93F86F2F52B1728601339E8A0837AE6E7E71FFEC20B2FFCAD6A00823840071087288CA3A3ECA94FF8F6CF69F58EADE5349D3E7DFA94878BF3540210C4013A80384E781CA2704F32B53BF7FCE48CB1C59B52AF5EBDFE2A5C0C5709A0ADC8570280E61327EB89A377D0FAC2FB7040B8E8AD12405BA1451CA019C549664CD6D3467678FFFF3E68800204710092A453E7FDF7F8B3FC422DE900823800CDA2E7212724F9055D3E737F5EA7CE49CF4387291080200E4073E8DA7B50D2A5D711BBBDBF5B9FA31408401007A0B9D4EEDCFE99FB6A3EDAA23000823800CD61C7D60FD31934AB3E5CF6999F6DDDB03C79F7B507D3C700208803D0442A572F0E217C5AB26DD3CA3D3E665BC5AAA4ECD5FB924DEFBE9C648C290E90750CE304D082620BF7DAB7FF336DF16E8C38D57D7CFC960F97257DFE665452940E850D4036D0220ED082620B7763437843B1E57CD57FFF520101047100F6466CE1DE5B99BA1A0504C822BAA600B4A08123262B0200292DE200002088030080200E000008E20000903D9CAC4993C96432452525257FFFC61B6F7C77CD9A354356AF5EBDDFE6CD9BF3ABABAB93FCFCFC4CB76EDD76F6ECD9F383E2E2E297C3C36F9E3871E25BAA06001DC3D8B1630FAAA9A939372727E7E470734858FA86A56B58AAC3521E72C492F0B33FE4E5E5CD7AECB1C7DE17C4A19101FC57BFFAD50393274F1EB361C386FC41830625C3870F4F0E3EF8E02404EFA4A8A82809613C67CB962D05EFBDF75EFFD2D2D2FE8B172FFEEE55575DF5EED6AD5B273FF0C003D3541100B2D3983163CE0D1757D4D5D59D148276C16E1E5214967EE167FDC2E5B9B5B5B5B78F1E3D7A41B83DFDF1C71F9F2988C31EBCF2CA2B97DC72CB2DBFA8ACAC2C0C2B4D72CC31C724E148F6B36B5808E371E9DDBB77F2D5AF7E35193F7E7CCED2A54B0F9D356BD6FD13264CB866E3C68DDF7EEAA9A7FE574501203B845C10C3F5FD994C66E45E3C7D7878DEF0F01A134230BF385B338220CE5E092B47FEB3CF3E3BFFE1871F3EE5CC33CF4CBEF5AD6FED36807F9E18DAC392376FDEBC814F3EF9E49F2EBDF4D27FD23A0E00EDDF05175C303A3737F717757575FBD7DF1773C257BEF29564E8D0A1C9800103921E3D7A24DDBA754BB66DDB9654545424656565C9ABAFBE9A2C5EBC38D9B97367FDD38685E7BD3166CC98CBB3B1755C1067AF42F8C2850B5F7EF1C517BF7EF5D55727871F7EF83EBDDEC8912393810307769E3265CA3DDFFBDEF70AA74D9B76AF2A0340BB0DE16785103E3384F0BCFA001E1BEC4E3FFDF4F49BF14FDB6FBFFDD2E5C0030F4C4E38E18434943FF7DC73C9DCB97393DADADAF890AE217B3C1AC2785108E359D56067D414BEB0D8123E7BF6ECAFDF78E38DFB1CC2EB1D7AE8A1C94D37DDD439ACB853C28A364E9501A05D86F0D8123E2704E73484C7707DEBADB7C61335771BC27727B694C7C7C7E7C5F3CDEA85D77C30DB328220CE1712FB848723D453AEBCF2CA46AF508D155FEFC73FFE71D74E9D3AFD3CAC6803551B00DA8FD8273C2F2FEF17F521FC88238E48264D9AF48930FD45C4E7C5E70F1E3CB86118BF2F9B3282204EA3C5D151E6CF9F7F5FEC13DE542DE19F165BC6C3D17461389A7E48C501A01D85CADCDC69F57DC2634BF835D75C93F601DF17B1CBCA0F7EF08386613E7653795010A7C3993367CEF4380461ECD3DD9C468D1AD5B97BF7EEFD75510180F6210E511842F837E3F5D8273C86E77D0DE10DC378FC26BEC1A010C3B2252308E2344A6C0D2F2D2DFDBB384461A74E9D9AFDF74D983061FF70647D85CAD3DAC267FE86B883193E7CB893DB01DBBA3DDBB5CF8E2766EE6D77943D89AF77D6596735CC251304713A8C3863E6BA75EBF2E390832DE1E8A38F2E282C2CEC1FFB9BA93EADECE6B0C17FE6CB5FFEF2E60B2EB8604ED8519DF19DEF7CA76B7BFA07AAAAAA929A9A9A7D7A8D69D3A6253B76ECF8DCC73CF2C823E9B063F5E2EFBCFFFEFB7D8220CBB77571C6CC70714ABC5E3F424A7338E38C331A36060ECB868C2088D32871DAFA3D4DD6D35C060F1E5C1E2ECE577DDA829C9C9CCE613927ECA8E686F5A03CEC009E8A3BAA8B2EBAA8A8ADFFEDFDFAF58B275A7FA1E7BCFFFE276797EED2A54BF2DA6BAF7DEE63EAEAEAD2F180EBE5E7E7271B376E8C33EBA6B757AE5CE9830459B8AD8BD3D6D79FA019B3429C55BB39C4D154E2A4800DB4FB8CE0AB561A65CD9A3543E2B4F52D69E8D0A13DFEF8C73F9E1CAE4EF50ED0C674893B80B0E3393F84CC1D6147F56CD8713D16D693DF2E58B0A0261BFEC159B36625471E79643CF92ABDBD6EDDBAA47BF7EEC9F3CF3F9FDE5EB87061F2A52F7D29F9E10F7FF899E7C609393A77EE9CF6EB8C013E3E374ECEF1FBDFFF3EFD7A390674207BB675E1BE93EBAF1F7FFCF1CDFA07C5D70FD9A0FE66BBCF08B68634CAEAD5ABF78B239AB4A4C30E3B6CBF703144F569E30AEA77547DFBF6DD3A66CC9885E1F6CF0B0B0B173CFCF0C3D56DE58F5CBB766D72EDB5D726EFBDF75E72E28927A6273ED59B38716272D96597A52DDE8B162D4AAEBFFEFAF4FE51A346ED7A4C6CFD8E21BA7E18B1382C59FFFEFDD3EBB1EB4BD82927B367CF4EE201FBD1471F9DEE2CEFBBEFBEF431BD7AF54A962C59925C7CF1C53E2D9085DBBA10D28734D87737EB1F11BFE16BA0DD6704419C46D9BC79737EFC4AA825EDDCB9B37758E16BC211F824EF00ED4497F0998DE97554EC8E113EBB651F7EF8619BF8C36EBAE9A6347C0F1932240DDE7108D2D8DF329A3E7D7A1AA263408FADD8959595694BF74F7FFAD35D5F032F5BB62C0DD41F7CF0413A0D75D82624D75D775DFAB3AE5DBBA627514D993225ED9E3262C48878F09EF6E53CFBECB3D3D7E9D3A74F3A635E6B5ABF7E7DDA87DD36059A765B1764EA7FD0DC59E153AFDF4B10A743882B5A5151CB76858D7D5A737272E267F49FBD03B453FD62378DF3CE3BAFD5FF907BEFBD3719366C587A3DB65ECF9B376F57108FEEB9E79E4FB480472B56AC88936CA5D7D7AC599306EC18BA63ABF9AA55AB3EF1D8F2F2F2B40B4AEC1B7AD55557C5110D92AF7DED6B7126DE64D3A64DC9F8F1E3D3F05E5C5CDC6A3578E9A597E2F92E896D0A34B99CFA2B4D3564E19EC4C682068ADA7BE104711AA5B0B03013C2784E4B86F1E38F3F7EFDD34F3FDD2384F15BBC03B4A2C686B6BAE45327C087CFEE3BC71D77DC616DED1F8AFDB7EB4FA0ACB7BB801C473DA9EF135E5A5A9AECBFFFFEE90179BC7EC001077CE2B173E6CC492EBDF4D264E0C08169A08F9379C46F03A64E9D9ADC7EFBED69CB781C57F8D4534F6DB5FFFB1BDFF8467A0011C2F8BFF85843936EEBEAC2C1777ADF962D5B9A358C373C213CA86EEF4517C46994B093DE59515151D0B76FDF16FB9D9D3A75DA1856EEEA59B3664DF20ED05A468F1EBDC79D53D8F1D486CF68FD5042B9E17645B8FD623C99291CBC3E1FFB885F72C92599B6F63F85BFAF713B88FCFC5DADE60D5BC4E3D2B0453C764789C17BC3860DE9ED783DB68E3FF1C413C9CF7EF6B3B4CBCA85175ED8AA213C8A5D6B62579B891327DAA640136EEBC2817D49B87F40FC61C80ACD1AC4E3EB37B05E10A743E8D1A3C7BB61C73BA02583784949C98A7051ABFAB4317130ED828F036DDC31558525361B3FD1B973E71743F8AEC8967F74D0A041BB6D118FC310C6933577ED09D7AF4F5BBC1F7AE8A1F4F65B6FBD959E1C1AFBA4C72E3131C45F74D1453E3990A5DBBA10E297D407F177DE79A7C927F369289EA3D2C012419C0EA1B8B87861D8110F183A74688BFDCE975F7E39B6242E547DDA98828F77484F87E5B9104C7FDB964647694A0D87266CD822FE69F144CCE8A38F3E4A6A6B6BD3901E4759BAEDB6DBD27EE9575C71457A82E8C9279FFC997EE840FBDFD66532998521ACA7637AC7F362E2BADE5CE2EB37D0EE3382204EA3545656DEBA6AD5AA8BC34E36B78526F5A95EBE7CF9C0A4C194B9D09AE257B1E162416E6EEE231F0F4DD86E5ABE638B754377DF7DF7E7FE7C77E238E071C494862DE19F165BCAE3A82C2FBEF8627A8266EC135E509036A825B7DE7A6B1AC60571C8BE6D5D7E7EFE9C900FFE355E5DBA74693A9157734CEA13BBA5BCFEFAEBB191AEBE7FDDD382381DC2E4C993575C7DF5D52BC30AF6D79F9AD5AA59CC9F3F7F765D5DDDA1B366CD2A537D5AD98D393939654545454F676BCB7763C4AE25F5A17A4F6EBEF9E63D3E264E0C144FDA04B26F5BF7D8638FBD3F66CC980521C48F88DF8ACD9D3B374E7BDFE47F60EC2A575353531FC21765434610C469B4CACACAEBFF2338E69863F29BB955BCE291471E39326C10EE54755A5BD8D04F5685E42F86F0C63E06C8DA6DDDBD611911AFC4207ED2492735695FF13819D96F7EF39B5DADE12123FC321BEA9EEBA347634D9F3EFDA9AAAAAA6571056B4E53A74E8DADE15BD7AC59334BD501A0ED7BFCF1C7E7848B05F17A6C15BFEBAEBBD2A10C9B421CB2F0EEBBEFAE0DD960576B78B66404419C2FA4B2B2F2EC679E7966FBF2E5CB9BE5F54B4A4A9E7DFDF5D7CF0C47BADF5FB060418D8A0340BB7171F2F190827176DD3BEEB8639FC3780CE121D4673EF8E083FAAFE2ABB2292308E27C21B13FD68E1D3BBE1F56AE6D4D3D757758C9FE3065CA94216105BB361C59FF8F6A0340FBCA08994CE6CA70350DC97128D3499326A5DD4AF6467CDE4F7EF293DA9292925D931F848C7079366504419C2F6CE6CC998F5555555D79C30D37543555CB786C09BFEEBAEB0EAEADADBD2FAC6033551900DA9F279E78227619F97E7D188F2DE3D75F7F7D3CA1F3D393F1EC517C5C08F5C98F7EF4A3862DE1714497EBB32D23E4F9C8B097C1F98D010306AC5CB468D1E979797935871F7E78411C15612F54DC79E79DB3C28A7B7258C16E0897FFA6BA6493F1E3C74F8A636AD336C419411F7DF45153DC43332A2D2D5D72D45147C596BA113939394561FF9EBCFDF6DBE9A8272B56AC88239F2471D087981B0A0B0BD3EE27F15BF6902D923973E6C4C9C1EAFEFCE73FE784E7D5B784C7F1CC27646346306A0AFB74D43B7AF4E8579E7CF2C9E973E7CE3D6AC28409C5C71E7B6CE7463EBDFA85175E983363C68C0161851C1056D45374470180ECCA0861FFFE601CD630DE174FE25CBC7871BAFC050D5BF616C53EE1D99A110471F6C9C763787E33AC6CE74F9D3AF5F2828282C103070EFC70D8B0615DFBF7EF5FD0B367CFBE714AECEDDBB7AFADA8A8A87CF3CD37972F5AB4286FF9F2E5478415F2A0F0DC7BCBCBCB673A311300B232239C16334208D31342201FFE05B2E7A2B04CCFF68C2088D3542B5B9CDDEAE9B163C71EB474E9D2F3972C597262B87D5C58E2A4004561E91E969D61896380FE57582E37590F0074AC8C505757777E08E4F519A1EFC71921668538DACA92E4FFA7AD7FBAA36404419C261567D70A17777DBC0000C8087B60D414000010C4010040100700000471000010C4010000411C0000047100004010070000411C000010C401004010070000411C000010C401004010070000047180B6BB91CDCDCDD4D5D529441B10DE8755E1A2462500411CA003282A2A5AB765CB16856803366DDA541A2E96A80420880374009D3A755A545959A9106D407979F9E670B1402500411CA003A8AEAEBE6DCD9A353B33998C62B4AEB28D1B371E132E672B052088037400279D74D2AB2184FF69F5EAD58AD18A4A4B4B5F08EFC3EAD34E3BED15D5000471800EA2BABA7A5C5959D9B6CD9B372B462BA8A8A8F8F5C68D1BBF5D575777956A006D499E120034AF993367AEBFF0C20B5FDDB061C339DDBB772F2A2C2C5494160CE125252583737272FEE1F4D34F5FA42280200ED0C1CC9831E39D71E3C6BDB676EDDA734328DC5A5C5CDC395C2A4CF3292B2D2D7DAAACACECD418C2478C18F15B2501DA1A7B018016346FDEBC81B9B9B977E7E7E71FDBBB77EFF77BF5EA7540F7EEDDFB86FB14671FC571C2E31085717494786266EC131EBBA38C1C39B2547500411C80D4FCF9F387E4E4E49C17AE0E0FCB71612952957D1627EB89E3842F08CB6C2766020000000000000000000000000000000000000000000000000000000000000000000000000000000000000000000000000000000000000000000000000000000000000000000000000000000000000000000000000000000000000000000000000000000000000000000000000000000000000000000000000000000000000000000000000000000000000000B492FF0375F56F6F12ADCE6C0000000049454E44AE426082, null);

-- ----------------------------
-- Table structure for `act_ge_property`
-- ----------------------------
DROP TABLE IF EXISTS `act_ge_property`;
CREATE TABLE `act_ge_property` (
  `NAME_` varchar(64) COLLATE utf8_bin NOT NULL DEFAULT '',
  `VALUE_` varchar(300) COLLATE utf8_bin DEFAULT NULL,
  `REV_` int(11) DEFAULT NULL,
  PRIMARY KEY (`NAME_`)
) ENGINE=InnoDB DEFAULT CHARSET=utf8 COLLATE=utf8_bin;

-- ----------------------------
-- Records of act_ge_property
-- ----------------------------
INSERT INTO `act_ge_property` VALUES ('next.dbid', '10001', '5');
INSERT INTO `act_ge_property` VALUES ('schema.history', 'create(5.22.0.0)', '1');
INSERT INTO `act_ge_property` VALUES ('schema.version', '5.22.0.0', '1');

-- ----------------------------
-- Table structure for `act_hi_actinst`
-- ----------------------------
DROP TABLE IF EXISTS `act_hi_actinst`;
CREATE TABLE `act_hi_actinst` (
  `ID_` varchar(64) COLLATE utf8_bin NOT NULL,
  `PROC_DEF_ID_` varchar(64) COLLATE utf8_bin NOT NULL,
  `PROC_INST_ID_` varchar(64) COLLATE utf8_bin NOT NULL,
  `EXECUTION_ID_` varchar(64) COLLATE utf8_bin NOT NULL,
  `ACT_ID_` varchar(255) COLLATE utf8_bin NOT NULL,
  `TASK_ID_` varchar(64) COLLATE utf8_bin DEFAULT NULL,
  `CALL_PROC_INST_ID_` varchar(64) COLLATE utf8_bin DEFAULT NULL,
  `ACT_NAME_` varchar(255) COLLATE utf8_bin DEFAULT NULL,
  `ACT_TYPE_` varchar(255) COLLATE utf8_bin NOT NULL,
  `ASSIGNEE_` varchar(255) COLLATE utf8_bin DEFAULT NULL,
  `START_TIME_` datetime(3) NOT NULL,
  `END_TIME_` datetime(3) DEFAULT NULL,
  `DURATION_` bigint(20) DEFAULT NULL,
  `TENANT_ID_` varchar(255) COLLATE utf8_bin DEFAULT '',
  PRIMARY KEY (`ID_`),
  KEY `ACT_IDX_HI_ACT_INST_START` (`START_TIME_`),
  KEY `ACT_IDX_HI_ACT_INST_END` (`END_TIME_`),
  KEY `ACT_IDX_HI_ACT_INST_PROCINST` (`PROC_INST_ID_`,`ACT_ID_`),
  KEY `ACT_IDX_HI_ACT_INST_EXEC` (`EXECUTION_ID_`,`ACT_ID_`)
) ENGINE=InnoDB DEFAULT CHARSET=utf8 COLLATE=utf8_bin;

-- ----------------------------
-- Records of act_hi_actinst
-- ----------------------------

-- ----------------------------
-- Table structure for `act_hi_attachment`
-- ----------------------------
DROP TABLE IF EXISTS `act_hi_attachment`;
CREATE TABLE `act_hi_attachment` (
  `ID_` varchar(64) COLLATE utf8_bin NOT NULL,
  `REV_` int(11) DEFAULT NULL,
  `USER_ID_` varchar(255) COLLATE utf8_bin DEFAULT NULL,
  `NAME_` varchar(255) COLLATE utf8_bin DEFAULT NULL,
  `DESCRIPTION_` varchar(4000) COLLATE utf8_bin DEFAULT NULL,
  `TYPE_` varchar(255) COLLATE utf8_bin DEFAULT NULL,
  `TASK_ID_` varchar(64) COLLATE utf8_bin DEFAULT NULL,
  `PROC_INST_ID_` varchar(64) COLLATE utf8_bin DEFAULT NULL,
  `URL_` varchar(4000) COLLATE utf8_bin DEFAULT NULL,
  `CONTENT_ID_` varchar(64) COLLATE utf8_bin DEFAULT NULL,
  `TIME_` datetime(3) DEFAULT NULL,
  PRIMARY KEY (`ID_`)
) ENGINE=InnoDB DEFAULT CHARSET=utf8 COLLATE=utf8_bin;

-- ----------------------------
-- Records of act_hi_attachment
-- ----------------------------

-- ----------------------------
-- Table structure for `act_hi_comment`
-- ----------------------------
DROP TABLE IF EXISTS `act_hi_comment`;
CREATE TABLE `act_hi_comment` (
  `ID_` varchar(64) COLLATE utf8_bin NOT NULL,
  `TYPE_` varchar(255) COLLATE utf8_bin DEFAULT NULL,
  `TIME_` datetime(3) NOT NULL,
  `USER_ID_` varchar(255) COLLATE utf8_bin DEFAULT NULL,
  `TASK_ID_` varchar(64) COLLATE utf8_bin DEFAULT NULL,
  `PROC_INST_ID_` varchar(64) COLLATE utf8_bin DEFAULT NULL,
  `ACTION_` varchar(255) COLLATE utf8_bin DEFAULT NULL,
  `MESSAGE_` varchar(4000) COLLATE utf8_bin DEFAULT NULL,
  `FULL_MSG_` longblob,
  PRIMARY KEY (`ID_`)
) ENGINE=InnoDB DEFAULT CHARSET=utf8 COLLATE=utf8_bin;

-- ----------------------------
-- Records of act_hi_comment
-- ----------------------------

-- ----------------------------
-- Table structure for `act_hi_detail`
-- ----------------------------
DROP TABLE IF EXISTS `act_hi_detail`;
CREATE TABLE `act_hi_detail` (
  `ID_` varchar(64) COLLATE utf8_bin NOT NULL,
  `TYPE_` varchar(255) COLLATE utf8_bin NOT NULL,
  `PROC_INST_ID_` varchar(64) COLLATE utf8_bin DEFAULT NULL,
  `EXECUTION_ID_` varchar(64) COLLATE utf8_bin DEFAULT NULL,
  `TASK_ID_` varchar(64) COLLATE utf8_bin DEFAULT NULL,
  `ACT_INST_ID_` varchar(64) COLLATE utf8_bin DEFAULT NULL,
  `NAME_` varchar(255) COLLATE utf8_bin NOT NULL,
  `VAR_TYPE_` varchar(255) COLLATE utf8_bin DEFAULT NULL,
  `REV_` int(11) DEFAULT NULL,
  `TIME_` datetime(3) NOT NULL,
  `BYTEARRAY_ID_` varchar(64) COLLATE utf8_bin DEFAULT NULL,
  `DOUBLE_` double DEFAULT NULL,
  `LONG_` bigint(20) DEFAULT NULL,
  `TEXT_` varchar(4000) COLLATE utf8_bin DEFAULT NULL,
  `TEXT2_` varchar(4000) COLLATE utf8_bin DEFAULT NULL,
  PRIMARY KEY (`ID_`),
  KEY `ACT_IDX_HI_DETAIL_PROC_INST` (`PROC_INST_ID_`),
  KEY `ACT_IDX_HI_DETAIL_ACT_INST` (`ACT_INST_ID_`),
  KEY `ACT_IDX_HI_DETAIL_TIME` (`TIME_`),
  KEY `ACT_IDX_HI_DETAIL_NAME` (`NAME_`),
  KEY `ACT_IDX_HI_DETAIL_TASK_ID` (`TASK_ID_`)
) ENGINE=InnoDB DEFAULT CHARSET=utf8 COLLATE=utf8_bin;

-- ----------------------------
-- Records of act_hi_detail
-- ----------------------------

-- ----------------------------
-- Table structure for `act_hi_identitylink`
-- ----------------------------
DROP TABLE IF EXISTS `act_hi_identitylink`;
CREATE TABLE `act_hi_identitylink` (
  `ID_` varchar(64) COLLATE utf8_bin NOT NULL DEFAULT '',
  `GROUP_ID_` varchar(255) COLLATE utf8_bin DEFAULT NULL,
  `TYPE_` varchar(255) COLLATE utf8_bin DEFAULT NULL,
  `USER_ID_` varchar(255) COLLATE utf8_bin DEFAULT NULL,
  `TASK_ID_` varchar(64) COLLATE utf8_bin DEFAULT NULL,
  `PROC_INST_ID_` varchar(64) COLLATE utf8_bin DEFAULT NULL,
  PRIMARY KEY (`ID_`),
  KEY `ACT_IDX_HI_IDENT_LNK_USER` (`USER_ID_`),
  KEY `ACT_IDX_HI_IDENT_LNK_TASK` (`TASK_ID_`),
  KEY `ACT_IDX_HI_IDENT_LNK_PROCINST` (`PROC_INST_ID_`)
) ENGINE=InnoDB DEFAULT CHARSET=utf8 COLLATE=utf8_bin;

-- ----------------------------
-- Records of act_hi_identitylink
-- ----------------------------

-- ----------------------------
-- Table structure for `act_hi_procinst`
-- ----------------------------
DROP TABLE IF EXISTS `act_hi_procinst`;
CREATE TABLE `act_hi_procinst` (
  `ID_` varchar(64) COLLATE utf8_bin NOT NULL,
  `PROC_INST_ID_` varchar(64) COLLATE utf8_bin NOT NULL,
  `BUSINESS_KEY_` varchar(255) COLLATE utf8_bin DEFAULT NULL,
  `PROC_DEF_ID_` varchar(64) COLLATE utf8_bin NOT NULL,
  `START_TIME_` datetime(3) NOT NULL,
  `END_TIME_` datetime(3) DEFAULT NULL,
  `DURATION_` bigint(20) DEFAULT NULL,
  `START_USER_ID_` varchar(255) COLLATE utf8_bin DEFAULT NULL,
  `START_ACT_ID_` varchar(255) COLLATE utf8_bin DEFAULT NULL,
  `END_ACT_ID_` varchar(255) COLLATE utf8_bin DEFAULT NULL,
  `SUPER_PROCESS_INSTANCE_ID_` varchar(64) COLLATE utf8_bin DEFAULT NULL,
  `DELETE_REASON_` varchar(4000) COLLATE utf8_bin DEFAULT NULL,
  `TENANT_ID_` varchar(255) COLLATE utf8_bin DEFAULT '',
  `NAME_` varchar(255) COLLATE utf8_bin DEFAULT NULL,
  PRIMARY KEY (`ID_`),
  UNIQUE KEY `PROC_INST_ID_` (`PROC_INST_ID_`),
  KEY `ACT_IDX_HI_PRO_INST_END` (`END_TIME_`),
  KEY `ACT_IDX_HI_PRO_I_BUSKEY` (`BUSINESS_KEY_`)
) ENGINE=InnoDB DEFAULT CHARSET=utf8 COLLATE=utf8_bin;

-- ----------------------------
-- Records of act_hi_procinst
-- ----------------------------

-- ----------------------------
-- Table structure for `act_hi_taskinst`
-- ----------------------------
DROP TABLE IF EXISTS `act_hi_taskinst`;
CREATE TABLE `act_hi_taskinst` (
  `ID_` varchar(64) COLLATE utf8_bin NOT NULL,
  `PROC_DEF_ID_` varchar(64) COLLATE utf8_bin DEFAULT NULL,
  `TASK_DEF_KEY_` varchar(255) COLLATE utf8_bin DEFAULT NULL,
  `PROC_INST_ID_` varchar(64) COLLATE utf8_bin DEFAULT NULL,
  `EXECUTION_ID_` varchar(64) COLLATE utf8_bin DEFAULT NULL,
  `NAME_` varchar(255) COLLATE utf8_bin DEFAULT NULL,
  `PARENT_TASK_ID_` varchar(64) COLLATE utf8_bin DEFAULT NULL,
  `DESCRIPTION_` varchar(4000) COLLATE utf8_bin DEFAULT NULL,
  `OWNER_` varchar(255) COLLATE utf8_bin DEFAULT NULL,
  `ASSIGNEE_` varchar(255) COLLATE utf8_bin DEFAULT NULL,
  `START_TIME_` datetime(3) NOT NULL,
  `CLAIM_TIME_` datetime(3) DEFAULT NULL,
  `END_TIME_` datetime(3) DEFAULT NULL,
  `DURATION_` bigint(20) DEFAULT NULL,
  `DELETE_REASON_` varchar(4000) COLLATE utf8_bin DEFAULT NULL,
  `PRIORITY_` int(11) DEFAULT NULL,
  `DUE_DATE_` datetime(3) DEFAULT NULL,
  `FORM_KEY_` varchar(255) COLLATE utf8_bin DEFAULT NULL,
  `CATEGORY_` varchar(255) COLLATE utf8_bin DEFAULT NULL,
  `TENANT_ID_` varchar(255) COLLATE utf8_bin DEFAULT '',
  PRIMARY KEY (`ID_`),
  KEY `ACT_IDX_HI_TASK_INST_PROCINST` (`PROC_INST_ID_`)
) ENGINE=InnoDB DEFAULT CHARSET=utf8 COLLATE=utf8_bin;

-- ----------------------------
-- Records of act_hi_taskinst
-- ----------------------------

-- ----------------------------
-- Table structure for `act_hi_varinst`
-- ----------------------------
DROP TABLE IF EXISTS `act_hi_varinst`;
CREATE TABLE `act_hi_varinst` (
  `ID_` varchar(64) COLLATE utf8_bin NOT NULL,
  `PROC_INST_ID_` varchar(64) COLLATE utf8_bin DEFAULT NULL,
  `EXECUTION_ID_` varchar(64) COLLATE utf8_bin DEFAULT NULL,
  `TASK_ID_` varchar(64) COLLATE utf8_bin DEFAULT NULL,
  `NAME_` varchar(255) COLLATE utf8_bin NOT NULL,
  `VAR_TYPE_` varchar(100) COLLATE utf8_bin DEFAULT NULL,
  `REV_` int(11) DEFAULT NULL,
  `BYTEARRAY_ID_` varchar(64) COLLATE utf8_bin DEFAULT NULL,
  `DOUBLE_` double DEFAULT NULL,
  `LONG_` bigint(20) DEFAULT NULL,
  `TEXT_` varchar(4000) COLLATE utf8_bin DEFAULT NULL,
  `TEXT2_` varchar(4000) COLLATE utf8_bin DEFAULT NULL,
  `CREATE_TIME_` datetime(3) DEFAULT NULL,
  `LAST_UPDATED_TIME_` datetime(3) DEFAULT NULL,
  PRIMARY KEY (`ID_`),
  KEY `ACT_IDX_HI_PROCVAR_PROC_INST` (`PROC_INST_ID_`),
  KEY `ACT_IDX_HI_PROCVAR_NAME_TYPE` (`NAME_`,`VAR_TYPE_`),
  KEY `ACT_IDX_HI_PROCVAR_TASK_ID` (`TASK_ID_`)
) ENGINE=InnoDB DEFAULT CHARSET=utf8 COLLATE=utf8_bin;

-- ----------------------------
-- Records of act_hi_varinst
-- ----------------------------

-- ----------------------------
-- Table structure for `act_id_group`
-- ----------------------------
DROP TABLE IF EXISTS `act_id_group`;
CREATE TABLE `act_id_group` (
  `ID_` varchar(64) COLLATE utf8_bin NOT NULL DEFAULT '',
  `REV_` int(11) DEFAULT NULL,
  `NAME_` varchar(255) COLLATE utf8_bin DEFAULT NULL,
  `TYPE_` varchar(255) COLLATE utf8_bin DEFAULT NULL,
  PRIMARY KEY (`ID_`)
) ENGINE=InnoDB DEFAULT CHARSET=utf8 COLLATE=utf8_bin;

-- ----------------------------
-- Records of act_id_group
-- ----------------------------

-- ----------------------------
-- Table structure for `act_id_info`
-- ----------------------------
DROP TABLE IF EXISTS `act_id_info`;
CREATE TABLE `act_id_info` (
  `ID_` varchar(64) COLLATE utf8_bin NOT NULL DEFAULT '',
  `REV_` int(11) DEFAULT NULL,
  `USER_ID_` varchar(64) COLLATE utf8_bin DEFAULT NULL,
  `TYPE_` varchar(64) COLLATE utf8_bin DEFAULT NULL,
  `KEY_` varchar(255) COLLATE utf8_bin DEFAULT NULL,
  `VALUE_` varchar(255) COLLATE utf8_bin DEFAULT NULL,
  `PASSWORD_` longblob,
  `PARENT_ID_` varchar(255) COLLATE utf8_bin DEFAULT NULL,
  PRIMARY KEY (`ID_`)
) ENGINE=InnoDB DEFAULT CHARSET=utf8 COLLATE=utf8_bin;

-- ----------------------------
-- Records of act_id_info
-- ----------------------------

-- ----------------------------
-- Table structure for `act_id_membership`
-- ----------------------------
DROP TABLE IF EXISTS `act_id_membership`;
CREATE TABLE `act_id_membership` (
  `USER_ID_` varchar(64) COLLATE utf8_bin NOT NULL DEFAULT '',
  `GROUP_ID_` varchar(64) COLLATE utf8_bin NOT NULL DEFAULT '',
  PRIMARY KEY (`USER_ID_`,`GROUP_ID_`),
  KEY `ACT_FK_MEMB_GROUP` (`GROUP_ID_`),
  CONSTRAINT `ACT_FK_MEMB_GROUP` FOREIGN KEY (`GROUP_ID_`) REFERENCES `act_id_group` (`ID_`),
  CONSTRAINT `ACT_FK_MEMB_USER` FOREIGN KEY (`USER_ID_`) REFERENCES `act_id_user` (`ID_`)
) ENGINE=InnoDB DEFAULT CHARSET=utf8 COLLATE=utf8_bin;

-- ----------------------------
-- Records of act_id_membership
-- ----------------------------

-- ----------------------------
-- Table structure for `act_id_user`
-- ----------------------------
DROP TABLE IF EXISTS `act_id_user`;
CREATE TABLE `act_id_user` (
  `ID_` varchar(64) COLLATE utf8_bin NOT NULL DEFAULT '',
  `REV_` int(11) DEFAULT NULL,
  `FIRST_` varchar(255) COLLATE utf8_bin DEFAULT NULL,
  `LAST_` varchar(255) COLLATE utf8_bin DEFAULT NULL,
  `EMAIL_` varchar(255) COLLATE utf8_bin DEFAULT NULL,
  `PWD_` varchar(255) COLLATE utf8_bin DEFAULT NULL,
  `PICTURE_ID_` varchar(64) COLLATE utf8_bin DEFAULT NULL,
  PRIMARY KEY (`ID_`)
) ENGINE=InnoDB DEFAULT CHARSET=utf8 COLLATE=utf8_bin;

-- ----------------------------
-- Records of act_id_user
-- ----------------------------

-- ----------------------------
-- Table structure for `act_procdef_info`
-- ----------------------------
DROP TABLE IF EXISTS `act_procdef_info`;
CREATE TABLE `act_procdef_info` (
  `ID_` varchar(64) COLLATE utf8_bin NOT NULL,
  `PROC_DEF_ID_` varchar(64) COLLATE utf8_bin NOT NULL,
  `REV_` int(11) DEFAULT NULL,
  `INFO_JSON_ID_` varchar(64) COLLATE utf8_bin DEFAULT NULL,
  PRIMARY KEY (`ID_`),
  UNIQUE KEY `ACT_UNIQ_INFO_PROCDEF` (`PROC_DEF_ID_`),
  KEY `ACT_IDX_INFO_PROCDEF` (`PROC_DEF_ID_`),
  KEY `ACT_FK_INFO_JSON_BA` (`INFO_JSON_ID_`),
  CONSTRAINT `ACT_FK_INFO_JSON_BA` FOREIGN KEY (`INFO_JSON_ID_`) REFERENCES `act_ge_bytearray` (`ID_`),
  CONSTRAINT `ACT_FK_INFO_PROCDEF` FOREIGN KEY (`PROC_DEF_ID_`) REFERENCES `act_re_procdef` (`ID_`)
) ENGINE=InnoDB DEFAULT CHARSET=utf8 COLLATE=utf8_bin;

-- ----------------------------
-- Records of act_procdef_info
-- ----------------------------

-- ----------------------------
-- Table structure for `act_re_deployment`
-- ----------------------------
DROP TABLE IF EXISTS `act_re_deployment`;
CREATE TABLE `act_re_deployment` (
  `ID_` varchar(64) COLLATE utf8_bin NOT NULL DEFAULT '',
  `NAME_` varchar(255) COLLATE utf8_bin DEFAULT NULL,
  `CATEGORY_` varchar(255) COLLATE utf8_bin DEFAULT NULL,
  `TENANT_ID_` varchar(255) COLLATE utf8_bin DEFAULT '',
  `DEPLOY_TIME_` timestamp(3) NULL DEFAULT NULL,
  PRIMARY KEY (`ID_`)
) ENGINE=InnoDB DEFAULT CHARSET=utf8 COLLATE=utf8_bin;

-- ----------------------------
-- Records of act_re_deployment
-- ----------------------------

-- ----------------------------
-- Table structure for `act_re_model`
-- ----------------------------
DROP TABLE IF EXISTS `act_re_model`;
CREATE TABLE `act_re_model` (
  `ID_` varchar(64) COLLATE utf8_bin NOT NULL,
  `REV_` int(11) DEFAULT NULL,
  `NAME_` varchar(255) COLLATE utf8_bin DEFAULT NULL,
  `KEY_` varchar(255) COLLATE utf8_bin DEFAULT NULL,
  `CATEGORY_` varchar(255) COLLATE utf8_bin DEFAULT NULL,
  `CREATE_TIME_` timestamp(3) NULL DEFAULT NULL,
  `LAST_UPDATE_TIME_` timestamp(3) NULL DEFAULT NULL,
  `VERSION_` int(11) DEFAULT NULL,
  `META_INFO_` varchar(4000) COLLATE utf8_bin DEFAULT NULL,
  `DEPLOYMENT_ID_` varchar(64) COLLATE utf8_bin DEFAULT NULL,
  `EDITOR_SOURCE_VALUE_ID_` varchar(64) COLLATE utf8_bin DEFAULT NULL,
  `EDITOR_SOURCE_EXTRA_VALUE_ID_` varchar(64) COLLATE utf8_bin DEFAULT NULL,
  `TENANT_ID_` varchar(255) COLLATE utf8_bin DEFAULT '',
  PRIMARY KEY (`ID_`),
  KEY `ACT_FK_MODEL_SOURCE` (`EDITOR_SOURCE_VALUE_ID_`),
  KEY `ACT_FK_MODEL_SOURCE_EXTRA` (`EDITOR_SOURCE_EXTRA_VALUE_ID_`),
  KEY `ACT_FK_MODEL_DEPLOYMENT` (`DEPLOYMENT_ID_`),
  CONSTRAINT `ACT_FK_MODEL_DEPLOYMENT` FOREIGN KEY (`DEPLOYMENT_ID_`) REFERENCES `act_re_deployment` (`ID_`),
  CONSTRAINT `ACT_FK_MODEL_SOURCE` FOREIGN KEY (`EDITOR_SOURCE_VALUE_ID_`) REFERENCES `act_ge_bytearray` (`ID_`),
  CONSTRAINT `ACT_FK_MODEL_SOURCE_EXTRA` FOREIGN KEY (`EDITOR_SOURCE_EXTRA_VALUE_ID_`) REFERENCES `act_ge_bytearray` (`ID_`)
) ENGINE=InnoDB DEFAULT CHARSET=utf8 COLLATE=utf8_bin;

-- ----------------------------
-- Records of act_re_model
-- ----------------------------
INSERT INTO `act_re_model` VALUES ('1', '4', '普通员工请假流程', 'ptqingjia', null, '2017-09-25 21:57:18.126', '2017-09-25 22:43:31.415', '1', '{\"name\":\"普通员工请假流程\",\"revision\":1,\"description\":\"普通请假\"}', null, '2', '7501', '');
INSERT INTO `act_re_model` VALUES ('2501', '4', '出差', 'chuchai', null, '2017-09-25 22:11:07.795', '2017-09-25 22:44:50.340', '1', '{\"name\":\"出差\",\"revision\":1,\"description\":\"员工出差\"}', null, '2502', '7502', '');
INSERT INTO `act_re_model` VALUES ('2503', '2', '模型3', 'key3', null, '2017-09-25 22:13:57.041', '2017-09-25 22:13:57.058', '1', '{\"name\":\"模型3\",\"revision\":1,\"description\":\"描述3\"}', null, '2504', null, '');
INSERT INTO `act_re_model` VALUES ('5001', '2', '模型4', 'key4', null, '2017-09-25 22:31:56.977', '2017-09-25 22:31:57.010', '1', '{\"name\":\"模型4\",\"revision\":1,\"description\":\"desc4\"}', null, '5002', null, '');

-- ----------------------------
-- Table structure for `act_re_procdef`
-- ----------------------------
DROP TABLE IF EXISTS `act_re_procdef`;
CREATE TABLE `act_re_procdef` (
  `ID_` varchar(64) COLLATE utf8_bin NOT NULL,
  `REV_` int(11) DEFAULT NULL,
  `CATEGORY_` varchar(255) COLLATE utf8_bin DEFAULT NULL,
  `NAME_` varchar(255) COLLATE utf8_bin DEFAULT NULL,
  `KEY_` varchar(255) COLLATE utf8_bin NOT NULL,
  `VERSION_` int(11) NOT NULL,
  `DEPLOYMENT_ID_` varchar(64) COLLATE utf8_bin DEFAULT NULL,
  `RESOURCE_NAME_` varchar(4000) COLLATE utf8_bin DEFAULT NULL,
  `DGRM_RESOURCE_NAME_` varchar(4000) COLLATE utf8_bin DEFAULT NULL,
  `DESCRIPTION_` varchar(4000) COLLATE utf8_bin DEFAULT NULL,
  `HAS_START_FORM_KEY_` tinyint(4) DEFAULT NULL,
  `HAS_GRAPHICAL_NOTATION_` tinyint(4) DEFAULT NULL,
  `SUSPENSION_STATE_` int(11) DEFAULT NULL,
  `TENANT_ID_` varchar(255) COLLATE utf8_bin DEFAULT '',
  PRIMARY KEY (`ID_`),
  UNIQUE KEY `ACT_UNIQ_PROCDEF` (`KEY_`,`VERSION_`,`TENANT_ID_`)
) ENGINE=InnoDB DEFAULT CHARSET=utf8 COLLATE=utf8_bin;

-- ----------------------------
-- Records of act_re_procdef
-- ----------------------------

-- ----------------------------
-- Table structure for `act_ru_event_subscr`
-- ----------------------------
DROP TABLE IF EXISTS `act_ru_event_subscr`;
CREATE TABLE `act_ru_event_subscr` (
  `ID_` varchar(64) COLLATE utf8_bin NOT NULL,
  `REV_` int(11) DEFAULT NULL,
  `EVENT_TYPE_` varchar(255) COLLATE utf8_bin NOT NULL,
  `EVENT_NAME_` varchar(255) COLLATE utf8_bin DEFAULT NULL,
  `EXECUTION_ID_` varchar(64) COLLATE utf8_bin DEFAULT NULL,
  `PROC_INST_ID_` varchar(64) COLLATE utf8_bin DEFAULT NULL,
  `ACTIVITY_ID_` varchar(64) COLLATE utf8_bin DEFAULT NULL,
  `CONFIGURATION_` varchar(255) COLLATE utf8_bin DEFAULT NULL,
  `CREATED_` timestamp(3) NOT NULL DEFAULT CURRENT_TIMESTAMP(3),
  `PROC_DEF_ID_` varchar(64) COLLATE utf8_bin DEFAULT NULL,
  `TENANT_ID_` varchar(255) COLLATE utf8_bin DEFAULT '',
  PRIMARY KEY (`ID_`),
  KEY `ACT_IDX_EVENT_SUBSCR_CONFIG_` (`CONFIGURATION_`),
  KEY `ACT_FK_EVENT_EXEC` (`EXECUTION_ID_`),
  CONSTRAINT `ACT_FK_EVENT_EXEC` FOREIGN KEY (`EXECUTION_ID_`) REFERENCES `act_ru_execution` (`ID_`)
) ENGINE=InnoDB DEFAULT CHARSET=utf8 COLLATE=utf8_bin;

-- ----------------------------
-- Records of act_ru_event_subscr
-- ----------------------------

-- ----------------------------
-- Table structure for `act_ru_execution`
-- ----------------------------
DROP TABLE IF EXISTS `act_ru_execution`;
CREATE TABLE `act_ru_execution` (
  `ID_` varchar(64) COLLATE utf8_bin NOT NULL DEFAULT '',
  `REV_` int(11) DEFAULT NULL,
  `PROC_INST_ID_` varchar(64) COLLATE utf8_bin DEFAULT NULL,
  `BUSINESS_KEY_` varchar(255) COLLATE utf8_bin DEFAULT NULL,
  `PARENT_ID_` varchar(64) COLLATE utf8_bin DEFAULT NULL,
  `PROC_DEF_ID_` varchar(64) COLLATE utf8_bin DEFAULT NULL,
  `SUPER_EXEC_` varchar(64) COLLATE utf8_bin DEFAULT NULL,
  `ACT_ID_` varchar(255) COLLATE utf8_bin DEFAULT NULL,
  `IS_ACTIVE_` tinyint(4) DEFAULT NULL,
  `IS_CONCURRENT_` tinyint(4) DEFAULT NULL,
  `IS_SCOPE_` tinyint(4) DEFAULT NULL,
  `IS_EVENT_SCOPE_` tinyint(4) DEFAULT NULL,
  `SUSPENSION_STATE_` int(11) DEFAULT NULL,
  `CACHED_ENT_STATE_` int(11) DEFAULT NULL,
  `TENANT_ID_` varchar(255) COLLATE utf8_bin DEFAULT '',
  `NAME_` varchar(255) COLLATE utf8_bin DEFAULT NULL,
  `LOCK_TIME_` timestamp(3) NULL DEFAULT NULL,
  PRIMARY KEY (`ID_`),
  KEY `ACT_IDX_EXEC_BUSKEY` (`BUSINESS_KEY_`),
  KEY `ACT_FK_EXE_PROCINST` (`PROC_INST_ID_`),
  KEY `ACT_FK_EXE_PARENT` (`PARENT_ID_`),
  KEY `ACT_FK_EXE_SUPER` (`SUPER_EXEC_`),
  KEY `ACT_FK_EXE_PROCDEF` (`PROC_DEF_ID_`),
  CONSTRAINT `ACT_FK_EXE_PARENT` FOREIGN KEY (`PARENT_ID_`) REFERENCES `act_ru_execution` (`ID_`),
  CONSTRAINT `ACT_FK_EXE_PROCDEF` FOREIGN KEY (`PROC_DEF_ID_`) REFERENCES `act_re_procdef` (`ID_`),
  CONSTRAINT `ACT_FK_EXE_PROCINST` FOREIGN KEY (`PROC_INST_ID_`) REFERENCES `act_ru_execution` (`ID_`) ON DELETE CASCADE ON UPDATE CASCADE,
  CONSTRAINT `ACT_FK_EXE_SUPER` FOREIGN KEY (`SUPER_EXEC_`) REFERENCES `act_ru_execution` (`ID_`)
) ENGINE=InnoDB DEFAULT CHARSET=utf8 COLLATE=utf8_bin;

-- ----------------------------
-- Records of act_ru_execution
-- ----------------------------

-- ----------------------------
-- Table structure for `act_ru_identitylink`
-- ----------------------------
DROP TABLE IF EXISTS `act_ru_identitylink`;
CREATE TABLE `act_ru_identitylink` (
  `ID_` varchar(64) COLLATE utf8_bin NOT NULL DEFAULT '',
  `REV_` int(11) DEFAULT NULL,
  `GROUP_ID_` varchar(255) COLLATE utf8_bin DEFAULT NULL,
  `TYPE_` varchar(255) COLLATE utf8_bin DEFAULT NULL,
  `USER_ID_` varchar(255) COLLATE utf8_bin DEFAULT NULL,
  `TASK_ID_` varchar(64) COLLATE utf8_bin DEFAULT NULL,
  `PROC_INST_ID_` varchar(64) COLLATE utf8_bin DEFAULT NULL,
  `PROC_DEF_ID_` varchar(64) COLLATE utf8_bin DEFAULT NULL,
  PRIMARY KEY (`ID_`),
  KEY `ACT_IDX_IDENT_LNK_USER` (`USER_ID_`),
  KEY `ACT_IDX_IDENT_LNK_GROUP` (`GROUP_ID_`),
  KEY `ACT_IDX_ATHRZ_PROCEDEF` (`PROC_DEF_ID_`),
  KEY `ACT_FK_TSKASS_TASK` (`TASK_ID_`),
  KEY `ACT_FK_IDL_PROCINST` (`PROC_INST_ID_`),
  CONSTRAINT `ACT_FK_ATHRZ_PROCEDEF` FOREIGN KEY (`PROC_DEF_ID_`) REFERENCES `act_re_procdef` (`ID_`),
  CONSTRAINT `ACT_FK_IDL_PROCINST` FOREIGN KEY (`PROC_INST_ID_`) REFERENCES `act_ru_execution` (`ID_`),
  CONSTRAINT `ACT_FK_TSKASS_TASK` FOREIGN KEY (`TASK_ID_`) REFERENCES `act_ru_task` (`ID_`)
) ENGINE=InnoDB DEFAULT CHARSET=utf8 COLLATE=utf8_bin;

-- ----------------------------
-- Records of act_ru_identitylink
-- ----------------------------

-- ----------------------------
-- Table structure for `act_ru_job`
-- ----------------------------
DROP TABLE IF EXISTS `act_ru_job`;
CREATE TABLE `act_ru_job` (
  `ID_` varchar(64) COLLATE utf8_bin NOT NULL,
  `REV_` int(11) DEFAULT NULL,
  `TYPE_` varchar(255) COLLATE utf8_bin NOT NULL,
  `LOCK_EXP_TIME_` timestamp(3) NULL DEFAULT NULL,
  `LOCK_OWNER_` varchar(255) COLLATE utf8_bin DEFAULT NULL,
  `EXCLUSIVE_` tinyint(1) DEFAULT NULL,
  `EXECUTION_ID_` varchar(64) COLLATE utf8_bin DEFAULT NULL,
  `PROCESS_INSTANCE_ID_` varchar(64) COLLATE utf8_bin DEFAULT NULL,
  `PROC_DEF_ID_` varchar(64) COLLATE utf8_bin DEFAULT NULL,
  `RETRIES_` int(11) DEFAULT NULL,
  `EXCEPTION_STACK_ID_` varchar(64) COLLATE utf8_bin DEFAULT NULL,
  `EXCEPTION_MSG_` varchar(4000) COLLATE utf8_bin DEFAULT NULL,
  `DUEDATE_` timestamp(3) NULL DEFAULT NULL,
  `REPEAT_` varchar(255) COLLATE utf8_bin DEFAULT NULL,
  `HANDLER_TYPE_` varchar(255) COLLATE utf8_bin DEFAULT NULL,
  `HANDLER_CFG_` varchar(4000) COLLATE utf8_bin DEFAULT NULL,
  `TENANT_ID_` varchar(255) COLLATE utf8_bin DEFAULT '',
  PRIMARY KEY (`ID_`),
  KEY `ACT_FK_JOB_EXCEPTION` (`EXCEPTION_STACK_ID_`),
  CONSTRAINT `ACT_FK_JOB_EXCEPTION` FOREIGN KEY (`EXCEPTION_STACK_ID_`) REFERENCES `act_ge_bytearray` (`ID_`)
) ENGINE=InnoDB DEFAULT CHARSET=utf8 COLLATE=utf8_bin;

-- ----------------------------
-- Records of act_ru_job
-- ----------------------------

-- ----------------------------
-- Table structure for `act_ru_task`
-- ----------------------------
DROP TABLE IF EXISTS `act_ru_task`;
CREATE TABLE `act_ru_task` (
  `ID_` varchar(64) COLLATE utf8_bin NOT NULL DEFAULT '',
  `REV_` int(11) DEFAULT NULL,
  `EXECUTION_ID_` varchar(64) COLLATE utf8_bin DEFAULT NULL,
  `PROC_INST_ID_` varchar(64) COLLATE utf8_bin DEFAULT NULL,
  `PROC_DEF_ID_` varchar(64) COLLATE utf8_bin DEFAULT NULL,
  `NAME_` varchar(255) COLLATE utf8_bin DEFAULT NULL,
  `PARENT_TASK_ID_` varchar(64) COLLATE utf8_bin DEFAULT NULL,
  `DESCRIPTION_` varchar(4000) COLLATE utf8_bin DEFAULT NULL,
  `TASK_DEF_KEY_` varchar(255) COLLATE utf8_bin DEFAULT NULL,
  `OWNER_` varchar(255) COLLATE utf8_bin DEFAULT NULL,
  `ASSIGNEE_` varchar(255) COLLATE utf8_bin DEFAULT NULL,
  `DELEGATION_` varchar(64) COLLATE utf8_bin DEFAULT NULL,
  `PRIORITY_` int(11) DEFAULT NULL,
  `CREATE_TIME_` timestamp(3) NULL DEFAULT NULL,
  `DUE_DATE_` datetime(3) DEFAULT NULL,
  `CATEGORY_` varchar(255) COLLATE utf8_bin DEFAULT NULL,
  `SUSPENSION_STATE_` int(11) DEFAULT NULL,
  `TENANT_ID_` varchar(255) COLLATE utf8_bin DEFAULT '',
  `FORM_KEY_` varchar(255) COLLATE utf8_bin DEFAULT NULL,
  PRIMARY KEY (`ID_`),
  KEY `ACT_IDX_TASK_CREATE` (`CREATE_TIME_`),
  KEY `ACT_FK_TASK_EXE` (`EXECUTION_ID_`),
  KEY `ACT_FK_TASK_PROCINST` (`PROC_INST_ID_`),
  KEY `ACT_FK_TASK_PROCDEF` (`PROC_DEF_ID_`),
  CONSTRAINT `ACT_FK_TASK_EXE` FOREIGN KEY (`EXECUTION_ID_`) REFERENCES `act_ru_execution` (`ID_`),
  CONSTRAINT `ACT_FK_TASK_PROCDEF` FOREIGN KEY (`PROC_DEF_ID_`) REFERENCES `act_re_procdef` (`ID_`),
  CONSTRAINT `ACT_FK_TASK_PROCINST` FOREIGN KEY (`PROC_INST_ID_`) REFERENCES `act_ru_execution` (`ID_`)
) ENGINE=InnoDB DEFAULT CHARSET=utf8 COLLATE=utf8_bin;

-- ----------------------------
-- Records of act_ru_task
-- ----------------------------

-- ----------------------------
-- Table structure for `act_ru_variable`
-- ----------------------------
DROP TABLE IF EXISTS `act_ru_variable`;
CREATE TABLE `act_ru_variable` (
  `ID_` varchar(64) COLLATE utf8_bin NOT NULL,
  `REV_` int(11) DEFAULT NULL,
  `TYPE_` varchar(255) COLLATE utf8_bin NOT NULL,
  `NAME_` varchar(255) COLLATE utf8_bin NOT NULL,
  `EXECUTION_ID_` varchar(64) COLLATE utf8_bin DEFAULT NULL,
  `PROC_INST_ID_` varchar(64) COLLATE utf8_bin DEFAULT NULL,
  `TASK_ID_` varchar(64) COLLATE utf8_bin DEFAULT NULL,
  `BYTEARRAY_ID_` varchar(64) COLLATE utf8_bin DEFAULT NULL,
  `DOUBLE_` double DEFAULT NULL,
  `LONG_` bigint(20) DEFAULT NULL,
  `TEXT_` varchar(4000) COLLATE utf8_bin DEFAULT NULL,
  `TEXT2_` varchar(4000) COLLATE utf8_bin DEFAULT NULL,
  PRIMARY KEY (`ID_`),
  KEY `ACT_IDX_VARIABLE_TASK_ID` (`TASK_ID_`),
  KEY `ACT_FK_VAR_EXE` (`EXECUTION_ID_`),
  KEY `ACT_FK_VAR_PROCINST` (`PROC_INST_ID_`),
  KEY `ACT_FK_VAR_BYTEARRAY` (`BYTEARRAY_ID_`),
  CONSTRAINT `ACT_FK_VAR_BYTEARRAY` FOREIGN KEY (`BYTEARRAY_ID_`) REFERENCES `act_ge_bytearray` (`ID_`),
  CONSTRAINT `ACT_FK_VAR_EXE` FOREIGN KEY (`EXECUTION_ID_`) REFERENCES `act_ru_execution` (`ID_`),
  CONSTRAINT `ACT_FK_VAR_PROCINST` FOREIGN KEY (`PROC_INST_ID_`) REFERENCES `act_ru_execution` (`ID_`)
) ENGINE=InnoDB DEFAULT CHARSET=utf8 COLLATE=utf8_bin;

-- ----------------------------
-- Records of act_ru_variable
-- ----------------------------

-- ----------------------------
-- Table structure for `demo`
-- ----------------------------
DROP TABLE IF EXISTS `demo`;
CREATE TABLE `demo` (
  `id` varchar(64) NOT NULL COMMENT '主键',
  `create_time` datetime NOT NULL COMMENT '创建时间',
  `update_time` datetime NOT NULL COMMENT '修改时间',
  `create_user` varchar(64) NOT NULL COMMENT '创建人',
  `update_user` varchar(64) NOT NULL COMMENT '修改人',
  `remark` varchar(255) DEFAULT NULL COMMENT '备注',
  `del_sign` int(11) NOT NULL COMMENT '删除标记(1正常 2删除)',
  PRIMARY KEY (`id`)
) ENGINE=InnoDB DEFAULT CHARSET=utf8;

-- ----------------------------
-- Records of demo
-- ----------------------------

-- ----------------------------
-- Table structure for `employee`
-- ----------------------------
DROP TABLE IF EXISTS `employee`;
CREATE TABLE `employee` (
  `id` varchar(64) NOT NULL COMMENT '主键',
  `create_time` datetime NOT NULL COMMENT '创建时间',
  `update_time` datetime NOT NULL COMMENT '修改时间',
  `create_user` varchar(64) NOT NULL COMMENT '创建人',
  `update_user` varchar(64) NOT NULL COMMENT '修改人',
  `remark` varchar(255) DEFAULT NULL COMMENT '备注',
  `del_sign` int(11) NOT NULL COMMENT '删除标记(1正常 2删除)',
  `job_no` varchar(25) NOT NULL COMMENT '工号',
  `login_name` varchar(30) NOT NULL COMMENT '登录名',
  `login_pass` varchar(32) NOT NULL COMMENT '登录密码',
  `nick_name` varchar(30) DEFAULT NULL COMMENT '昵称',
  `head_pic` varchar(255) DEFAULT NULL COMMENT '头像',
  `email` varchar(30) DEFAULT NULL COMMENT '邮箱',
  `phone` varchar(11) DEFAULT NULL COMMENT '手机',
  `tel` varchar(11) DEFAULT NULL COMMENT '电话',
  `status` int(11) NOT NULL COMMENT '状态(1正常 2禁用 3离职)',
  `entry_time` varchar(20) DEFAULT NULL COMMENT '入职时间',
  `quit_time` varchar(20) DEFAULT NULL COMMENT '离职时间',
  `birthday` varchar(20) DEFAULT NULL COMMENT '生日',
  `idcard_no` varchar(20) NOT NULL COMMENT '身份证号码',
  PRIMARY KEY (`id`)
) ENGINE=InnoDB DEFAULT CHARSET=utf8;

-- ----------------------------
-- Records of employee
-- ----------------------------
INSERT INTO `employee` VALUES ('1', '2017-08-18 14:23:44', '2017-08-18 14:26:08', '1', '1', '系统管理员', '1', '20170818', 'admin', '21232f297a57a5a743894a0e4a801fc3', 'admin', '', '996835067@qq.com', '13251407498', '02368629315', '1', null, null, '1991-08-12', '51162219920812521X');
INSERT INTO `employee` VALUES ('2', '2017-08-22 13:53:22', '2017-09-14 13:03:47', '1', '2', '测试用户', '1', '20170822', 'test', '', '逆风飞翔的猪', null, null, null, null, '1', '2017-09-12', '', null, '51162219920812521X');
INSERT INTO `employee` VALUES ('7f1f152ef53d4963b4076c46b890cccf', '2017-09-06 16:20:48', '2017-09-14 17:27:34', '1', '1', '', '1', '201709061504686048009', 'liuxiang', 'ba3d2b3b70bc70003acbca8baf1b63b5', null, null, null, null, null, '1', '2017-01-20', '2017-08-20', null, '51162219920812521X');

-- ----------------------------
-- Table structure for `employee_role`
-- ----------------------------
DROP TABLE IF EXISTS `employee_role`;
CREATE TABLE `employee_role` (
  `id` varchar(64) NOT NULL COMMENT '主键',
  `create_time` datetime NOT NULL COMMENT '创建时间',
  `update_time` datetime NOT NULL COMMENT '修改时间',
  `create_user` varchar(64) NOT NULL COMMENT '创建人',
  `update_user` varchar(64) NOT NULL COMMENT '修改人',
  `remark` varchar(255) DEFAULT NULL COMMENT '备注',
  `del_sign` int(11) NOT NULL COMMENT '删除标记(1正常 2删除)',
  `employee_id` varchar(64) NOT NULL COMMENT '员工id',
  `role_id` varchar(64) NOT NULL COMMENT '员工id',
  PRIMARY KEY (`id`)
) ENGINE=InnoDB DEFAULT CHARSET=utf8;

-- ----------------------------
-- Records of employee_role
-- ----------------------------
INSERT INTO `employee_role` VALUES ('054a379886c1428e88efe2995b59e31b', '2017-08-21 20:51:31', '2017-08-21 20:51:31', '1', '1', null, '1', '1', '1');
INSERT INTO `employee_role` VALUES ('1874910c89204cb59282102d65f496d1', '2017-08-22 13:59:12', '2017-08-22 13:59:12', '1', '1', null, '1', '2', '2');
INSERT INTO `employee_role` VALUES ('57cb90c20e5c4a7bb6b14b6eb9f62b01', '2017-09-15 19:40:50', '2017-09-15 19:40:50', '1', '1', null, '1', '7f1f152ef53d4963b4076c46b890cccf', '541a26de2d21483588a6d87f9cd855c6');

-- ----------------------------
-- Table structure for `menu`
-- ----------------------------
DROP TABLE IF EXISTS `menu`;
CREATE TABLE `menu` (
  `id` varchar(64) NOT NULL COMMENT '主键',
  `create_time` datetime NOT NULL COMMENT '创建时间',
  `update_time` datetime NOT NULL COMMENT '修改时间',
  `create_user` varchar(64) NOT NULL COMMENT '创建人',
  `update_user` varchar(64) NOT NULL COMMENT '修改人',
  `remark` varchar(255) DEFAULT NULL COMMENT '备注',
  `del_sign` int(11) NOT NULL COMMENT '删除标记(1正常 2删除)',
  `name` varchar(10) NOT NULL COMMENT '菜单名',
  `sort` int(11) DEFAULT NULL COMMENT '序号',
  `url` varchar(255) DEFAULT NULL COMMENT '菜单链接地址',
  `icon` varchar(50) DEFAULT NULL COMMENT '菜单图标',
  `parent_id` varchar(64) NOT NULL COMMENT '父菜单id',
  `permissions` varchar(300) NOT NULL DEFAULT '权限标志',
  `type` int(11) NOT NULL COMMENT '菜单类型(1表示普通菜单 2表示系统菜单)',
  `level` int(11) NOT NULL COMMENT '菜单级数',
  `visible` int(11) NOT NULL COMMENT '可见（1表示可见 2表示隐藏）',
  PRIMARY KEY (`id`)
) ENGINE=InnoDB DEFAULT CHARSET=utf8;

-- ----------------------------
-- Records of menu
-- ----------------------------
INSERT INTO `menu` VALUES ('0caeae1b80c74879a94352e8842b8c21', '2017-08-22 09:59:10', '2017-09-15 20:21:36', '1', '1', '', '1', '系统设置', '1000', '', 'fa fa-cogs', '1', 'system:view', '2', '1', '1');
INSERT INTO `menu` VALUES ('0e49673b549a4e0593758f4dcfb14bab', '2017-09-13 15:11:20', '2017-09-14 10:30:54', '1', '1', '', '1', '员工删除', '40', '', '', 'c86f413d2017417b8a837e497d285628', 'system:employee:delete', '1', '3', '2');
INSERT INTO `menu` VALUES ('0eba9cf6523b4883a0b1671f08f97964', '2017-09-15 20:24:21', '2017-09-15 20:24:21', '1', '1', '', '1', '历史任务', '20', '', 'fa fa-history', '7aa5bb07b08e42ffba35002e63012fd8', '', '1', '2', '1');
INSERT INTO `menu` VALUES ('1', '2017-08-21 17:36:10', '2017-08-21 17:36:10', '1', '1', null, '1', '顶级菜单', '0', '', '', '0', '', '2', '0', '2');
INSERT INTO `menu` VALUES ('124b42de84914f82b2bc064ca138e0cc', '2017-09-14 16:43:02', '2017-09-14 16:43:17', '1', '1', '', '1', '重置密码', '10', '', '', '38f11805b8b44def8cd461d5bad5860e', 'system:employee:resetpass', '1', '4', '2');
INSERT INTO `menu` VALUES ('12c218294ad74b1f858a7ed4d7150978', '2017-09-15 20:21:17', '2017-09-15 20:22:54', '1', '1', '', '1', '我的通知', '20', '', '', '1', '', '1', '1', '1');
INSERT INTO `menu` VALUES ('28acd859262140d5b22ff1630f2c9af7', '2017-09-25 21:10:49', '2017-09-25 21:16:33', '1', '1', '', '1', '模型设计', '20', '', '', '34ff31557e944dc4a0b20ea346b80232', 'oa:model:edit', '1', '3', '2');
INSERT INTO `menu` VALUES ('34ff31557e944dc4a0b20ea346b80232', '2017-09-25 15:52:14', '2017-09-25 21:09:46', '1', '1', '', '1', '模型管理', '30', 'model/list', 'fa fa-cubes', '7aa5bb07b08e42ffba35002e63012fd8', 'oa:model:manage', '1', '2', '1');
INSERT INTO `menu` VALUES ('38f11805b8b44def8cd461d5bad5860e', '2017-09-05 10:57:08', '2017-09-14 10:30:40', '1', '1', '', '1', '员工编辑', '20', '', '', 'c86f413d2017417b8a837e497d285628', 'system:employee:edit', '2', '3', '2');
INSERT INTO `menu` VALUES ('3bdb78904d3041f99c94b80e93bc00c6', '2017-09-14 10:17:04', '2017-09-14 10:17:04', '1', '1', '', '1', '角色分配', '30', '', '', 'c86f413d2017417b8a837e497d285628', 'system:employee:roleset', '1', '3', '2');
INSERT INTO `menu` VALUES ('3eeec85b8e304913ac01135044fb4eff', '2017-09-25 22:46:09', '2017-09-25 22:46:09', '1', '1', '', '1', '模型删除', '30', '', '', '34ff31557e944dc4a0b20ea346b80232', 'oa:model:delete', '1', '3', '2');
INSERT INTO `menu` VALUES ('47efd6c234ac4fd4b16bab4a16d1a0e1', '2017-08-22 16:04:34', '2017-08-22 16:04:34', '1', '1', null, '1', '菜单管理', '10', 'menu/list', 'fa fa-bars', '0caeae1b80c74879a94352e8842b8c21', 'system:menu:view', '2', '2', '1');
INSERT INTO `menu` VALUES ('6e1d26e3f1cb4c659b3c149e1bdb1b44', '2017-09-14 10:30:28', '2017-09-14 10:30:28', '1', '1', '', '1', '查看员工', '10', '', '', 'c86f413d2017417b8a837e497d285628', 'system:employee:view', '1', '3', '2');
INSERT INTO `menu` VALUES ('7aa5bb07b08e42ffba35002e63012fd8', '2017-09-15 20:22:44', '2017-09-25 15:47:57', '1', '1', '', '1', '办公中心', '30', '', 'fa fa-tasks', '1', '', '1', '1', '1');
INSERT INTO `menu` VALUES ('86cceb967db04688a12cef367953dee1', '2017-08-26 16:22:55', '2017-08-26 16:22:55', '1', '1', '', '1', '菜单编辑', '10', '', '', '47efd6c234ac4fd4b16bab4a16d1a0e1', 'system:menu:edit', '1', '3', '2');
INSERT INTO `menu` VALUES ('991b61473e1543e696e03e38904c2549', '2017-09-05 16:56:04', '2017-09-06 15:55:31', '1', '1', '', '1', '员工禁用', '20', '', '', '38f11805b8b44def8cd461d5bad5860e', 'system:employee:disable', '2', '4', '2');
INSERT INTO `menu` VALUES ('a2b7375c90924017ac79a68aedb3e186', '2017-09-25 21:10:20', '2017-09-25 21:16:26', '1', '1', '', '1', '模型查看', '10', '', '', '34ff31557e944dc4a0b20ea346b80232', 'oa:model:view', '1', '3', '2');
INSERT INTO `menu` VALUES ('c86f413d2017417b8a837e497d285628', '2017-08-22 16:05:32', '2017-09-14 10:30:01', '1', '1', '', '1', '员工管理', '30', 'employee/list', 'fa fa-users', '0caeae1b80c74879a94352e8842b8c21', 'system:employee:manage', '2', '2', '1');
INSERT INTO `menu` VALUES ('d5713f5c064e4ac79a0387cfe5579e83', '2017-08-21 21:09:29', '2017-08-31 20:29:39', '1', '1', '', '1', '资料管理', '10', 'data', '', '1', '', '1', '1', '1');
INSERT INTO `menu` VALUES ('dde6a694648e4ffb8814f4ebe7381735', '2017-09-15 20:23:56', '2017-09-15 20:23:56', '1', '1', '', '1', '待办任务', '10', '', 'fa fa-pause', '7aa5bb07b08e42ffba35002e63012fd8', '', '1', '2', '1');
INSERT INTO `menu` VALUES ('df2a49f1d16f4b91bfd5af339e37a08c', '2017-08-22 16:05:23', '2017-09-01 15:43:52', '1', '1', '', '1', '角色管理', '20', 'role/list', '', '0caeae1b80c74879a94352e8842b8c21', '', '2', '2', '1');

-- ----------------------------
-- Table structure for `role`
-- ----------------------------
DROP TABLE IF EXISTS `role`;
CREATE TABLE `role` (
  `id` varchar(64) NOT NULL COMMENT '主键',
  `create_time` datetime NOT NULL COMMENT '创建时间',
  `update_time` datetime NOT NULL COMMENT '修改时间',
  `create_user` varchar(64) NOT NULL COMMENT '创建人',
  `update_user` varchar(64) NOT NULL COMMENT '修改人',
  `remark` varchar(255) DEFAULT NULL COMMENT '备注',
  `del_sign` int(11) NOT NULL COMMENT '删除标记(1正常 2删除)',
  `name` varchar(20) NOT NULL COMMENT '角色名',
  PRIMARY KEY (`id`)
) ENGINE=InnoDB DEFAULT CHARSET=utf8;

-- ----------------------------
-- Records of role
-- ----------------------------
INSERT INTO `role` VALUES ('1', '2017-08-21 17:15:58', '2017-09-25 22:46:31', '1', '1', '', '1', '系统管理员');
INSERT INTO `role` VALUES ('2', '2017-08-22 13:54:43', '2017-09-14 10:02:10', '1', '1', '', '1', '测试人员');
INSERT INTO `role` VALUES ('4eff49fda8d94a58ae6dacddcbd4a93a', '2017-09-12 21:19:24', '2017-09-15 20:19:31', '7f1f152ef53d4963b4076c46b890cccf', '7f1f152ef53d4963b4076c46b890cccf', '', '1', 'boss秘书');
INSERT INTO `role` VALUES ('541a26de2d21483588a6d87f9cd855c6', '2017-09-06 17:19:44', '2017-09-15 20:16:33', '1', '1', '', '1', 'boss');

-- ----------------------------
-- Table structure for `role_menu`
-- ----------------------------
DROP TABLE IF EXISTS `role_menu`;
CREATE TABLE `role_menu` (
  `id` varchar(64) NOT NULL COMMENT '主键',
  `create_time` datetime NOT NULL COMMENT '创建时间',
  `update_time` datetime NOT NULL COMMENT '修改时间',
  `create_user` varchar(64) NOT NULL COMMENT '创建人',
  `update_user` varchar(64) NOT NULL COMMENT '修改人',
  `remark` varchar(255) DEFAULT NULL COMMENT '备注',
  `del_sign` int(11) NOT NULL COMMENT '删除标记(1正常 2删除)',
  `role_id` varchar(64) NOT NULL COMMENT '角色id',
  `menu_id` varchar(64) NOT NULL COMMENT '菜单id',
  PRIMARY KEY (`id`)
) ENGINE=InnoDB DEFAULT CHARSET=utf8;

-- ----------------------------
-- Records of role_menu
-- ----------------------------
INSERT INTO `role_menu` VALUES ('0cd55f65ab1a448fa2baf0c8c2d7a7ab', '2017-09-15 20:19:31', '2017-09-15 20:19:31', '7f1f152ef53d4963b4076c46b890cccf', '7f1f152ef53d4963b4076c46b890cccf', null, '1', '4eff49fda8d94a58ae6dacddcbd4a93a', '38f11805b8b44def8cd461d5bad5860e');
INSERT INTO `role_menu` VALUES ('1de54461d176425ca4ef98fcc4135115', '2017-09-25 22:46:31', '2017-09-25 22:46:31', '1', '1', null, '1', '1', 'd5713f5c064e4ac79a0387cfe5579e83');
INSERT INTO `role_menu` VALUES ('2bb9ea584ad54312b941eee196919c84', '2017-09-25 22:46:31', '2017-09-25 22:46:31', '1', '1', null, '1', '1', 'c86f413d2017417b8a837e497d285628');
INSERT INTO `role_menu` VALUES ('2e26f81f339d488180dbe535637f2a89', '2017-09-25 22:46:31', '2017-09-25 22:46:31', '1', '1', null, '1', '1', '47efd6c234ac4fd4b16bab4a16d1a0e1');
INSERT INTO `role_menu` VALUES ('3697ae9a18974418ae6a72c44a516350', '2017-09-25 22:46:31', '2017-09-25 22:46:31', '1', '1', null, '1', '1', '34ff31557e944dc4a0b20ea346b80232');
INSERT INTO `role_menu` VALUES ('4c3c71b6c0a8455f9e81f553e12b2464', '2017-09-15 20:16:33', '2017-09-15 20:16:33', '1', '1', null, '1', '541a26de2d21483588a6d87f9cd855c6', '38f11805b8b44def8cd461d5bad5860e');
INSERT INTO `role_menu` VALUES ('55881a00574046ef9f92b720399eeb50', '2017-09-25 22:46:31', '2017-09-25 22:46:31', '1', '1', null, '1', '1', '12c218294ad74b1f858a7ed4d7150978');
INSERT INTO `role_menu` VALUES ('56416db31a5c4e7bac496ba063193321', '2017-09-25 22:46:31', '2017-09-25 22:46:31', '1', '1', null, '1', '1', '7aa5bb07b08e42ffba35002e63012fd8');
INSERT INTO `role_menu` VALUES ('57f6648a8e4948adb78d43a71bd79a4e', '2017-09-15 20:19:31', '2017-09-15 20:19:31', '7f1f152ef53d4963b4076c46b890cccf', '7f1f152ef53d4963b4076c46b890cccf', null, '1', '4eff49fda8d94a58ae6dacddcbd4a93a', '3bdb78904d3041f99c94b80e93bc00c6');
INSERT INTO `role_menu` VALUES ('59be794c495e4370ba50f217fd883fba', '2017-09-25 22:46:31', '2017-09-25 22:46:31', '1', '1', null, '1', '1', 'df2a49f1d16f4b91bfd5af339e37a08c');
INSERT INTO `role_menu` VALUES ('5ad35a5b0f5c47b4bdb5611b4f234367', '2017-09-15 20:16:33', '2017-09-15 20:16:33', '1', '1', null, '1', '541a26de2d21483588a6d87f9cd855c6', '124b42de84914f82b2bc064ca138e0cc');
INSERT INTO `role_menu` VALUES ('5b1165b2996b4eb99380495432909e7f', '2017-09-15 20:19:31', '2017-09-15 20:19:31', '7f1f152ef53d4963b4076c46b890cccf', '7f1f152ef53d4963b4076c46b890cccf', null, '1', '4eff49fda8d94a58ae6dacddcbd4a93a', '0caeae1b80c74879a94352e8842b8c21');
INSERT INTO `role_menu` VALUES ('61ea488566ff4e28b29198047c102162', '2017-09-15 20:19:31', '2017-09-15 20:19:31', '7f1f152ef53d4963b4076c46b890cccf', '7f1f152ef53d4963b4076c46b890cccf', null, '1', '4eff49fda8d94a58ae6dacddcbd4a93a', 'd5713f5c064e4ac79a0387cfe5579e83');
INSERT INTO `role_menu` VALUES ('63a235f05bdf449e8693f31fac8af01f', '2017-09-14 10:02:10', '2017-09-14 10:02:10', '1', '1', null, '1', '2', '38f11805b8b44def8cd461d5bad5860e');
INSERT INTO `role_menu` VALUES ('6b45b9790b774f98a4ca305ec8247e7e', '2017-09-25 22:46:31', '2017-09-25 22:46:31', '1', '1', null, '1', '1', 'a2b7375c90924017ac79a68aedb3e186');
INSERT INTO `role_menu` VALUES ('84231f8d2e2a4a378f9a1fdbfb3171b5', '2017-09-15 20:16:33', '2017-09-15 20:16:33', '1', '1', null, '1', '541a26de2d21483588a6d87f9cd855c6', '1');
INSERT INTO `role_menu` VALUES ('892dfde21d104292bd571f8e39d636fd', '2017-09-25 22:46:31', '2017-09-25 22:46:31', '1', '1', null, '1', '1', '3bdb78904d3041f99c94b80e93bc00c6');
INSERT INTO `role_menu` VALUES ('90be3f0ed0904c53a454bd03b5b9435e', '2017-09-15 20:19:31', '2017-09-15 20:19:31', '7f1f152ef53d4963b4076c46b890cccf', '7f1f152ef53d4963b4076c46b890cccf', null, '1', '4eff49fda8d94a58ae6dacddcbd4a93a', 'c86f413d2017417b8a837e497d285628');
INSERT INTO `role_menu` VALUES ('92430765c1b7419d81e2c31abb460720', '2017-09-25 22:46:31', '2017-09-25 22:46:31', '1', '1', null, '1', '1', 'dde6a694648e4ffb8814f4ebe7381735');
INSERT INTO `role_menu` VALUES ('92d0d2d9f95146409cef27e68be7d3d7', '2017-09-15 20:19:31', '2017-09-15 20:19:31', '7f1f152ef53d4963b4076c46b890cccf', '7f1f152ef53d4963b4076c46b890cccf', null, '1', '4eff49fda8d94a58ae6dacddcbd4a93a', '6e1d26e3f1cb4c659b3c149e1bdb1b44');
INSERT INTO `role_menu` VALUES ('9cc31d4a25ae4f97b9d66ffd6cf8a9aa', '2017-09-14 10:02:10', '2017-09-14 10:02:10', '1', '1', null, '1', '2', '0caeae1b80c74879a94352e8842b8c21');
INSERT INTO `role_menu` VALUES ('a1e0269d2fd14ca9bc680cedbc428fbf', '2017-09-15 20:16:33', '2017-09-15 20:16:33', '1', '1', null, '1', '541a26de2d21483588a6d87f9cd855c6', '0e49673b549a4e0593758f4dcfb14bab');
INSERT INTO `role_menu` VALUES ('aa3453e6f5a240b7b4f2220fdb103905', '2017-09-15 20:16:33', '2017-09-15 20:16:33', '1', '1', null, '1', '541a26de2d21483588a6d87f9cd855c6', 'c86f413d2017417b8a837e497d285628');
INSERT INTO `role_menu` VALUES ('acd68abee1e44e76a2c7802c7f99997e', '2017-09-25 22:46:31', '2017-09-25 22:46:31', '1', '1', null, '1', '1', '86cceb967db04688a12cef367953dee1');
INSERT INTO `role_menu` VALUES ('b248dc15f508406a8e1566286ac802b3', '2017-09-25 22:46:31', '2017-09-25 22:46:31', '1', '1', null, '1', '1', '28acd859262140d5b22ff1630f2c9af7');
INSERT INTO `role_menu` VALUES ('b24abed17c3c46bda02624fa76cda5b9', '2017-09-14 10:02:10', '2017-09-14 10:02:10', '1', '1', null, '1', '2', 'c86f413d2017417b8a837e497d285628');
INSERT INTO `role_menu` VALUES ('b3a2086b138643daa3cc909a802603a0', '2017-09-15 20:16:33', '2017-09-15 20:16:33', '1', '1', null, '1', '541a26de2d21483588a6d87f9cd855c6', 'd5713f5c064e4ac79a0387cfe5579e83');
INSERT INTO `role_menu` VALUES ('b444d9415f564d27b2cd143c21e97217', '2017-09-25 22:46:31', '2017-09-25 22:46:31', '1', '1', null, '1', '1', '991b61473e1543e696e03e38904c2549');
INSERT INTO `role_menu` VALUES ('bc4c0c6f2a694924b937b0f841b3d5c3', '2017-09-15 20:19:31', '2017-09-15 20:19:31', '7f1f152ef53d4963b4076c46b890cccf', '7f1f152ef53d4963b4076c46b890cccf', null, '1', '4eff49fda8d94a58ae6dacddcbd4a93a', '991b61473e1543e696e03e38904c2549');
INSERT INTO `role_menu` VALUES ('bef36a15603647d4969326bf1bbe787c', '2017-09-14 10:02:10', '2017-09-14 10:02:10', '1', '1', null, '1', '2', '991b61473e1543e696e03e38904c2549');
INSERT INTO `role_menu` VALUES ('c54c3076ed30426eae377e1e3d6bb8c3', '2017-09-15 20:16:33', '2017-09-15 20:16:33', '1', '1', null, '1', '541a26de2d21483588a6d87f9cd855c6', '3bdb78904d3041f99c94b80e93bc00c6');
INSERT INTO `role_menu` VALUES ('c9c6a671ef654952b314720237717012', '2017-09-14 10:02:10', '2017-09-14 10:02:10', '1', '1', null, '1', '2', '1');
INSERT INTO `role_menu` VALUES ('cdbb70549fe2404dbb31c129c46b0405', '2017-09-25 22:46:31', '2017-09-25 22:46:31', '1', '1', null, '1', '1', '0e49673b549a4e0593758f4dcfb14bab');
INSERT INTO `role_menu` VALUES ('ce21a9c8aa90407ea16377c5ace52515', '2017-09-15 20:16:33', '2017-09-15 20:16:33', '1', '1', null, '1', '541a26de2d21483588a6d87f9cd855c6', '6e1d26e3f1cb4c659b3c149e1bdb1b44');
INSERT INTO `role_menu` VALUES ('d26463de9f65445c8e0e6275feb114f2', '2017-09-25 22:46:31', '2017-09-25 22:46:31', '1', '1', null, '1', '1', '0caeae1b80c74879a94352e8842b8c21');
INSERT INTO `role_menu` VALUES ('d39ba39a7c29467d876c0677448f4aa9', '2017-09-25 22:46:31', '2017-09-25 22:46:31', '1', '1', null, '1', '1', '6e1d26e3f1cb4c659b3c149e1bdb1b44');
INSERT INTO `role_menu` VALUES ('d8bc043bc31a4246bfeb1e83e8243ded', '2017-09-25 22:46:31', '2017-09-25 22:46:31', '1', '1', null, '1', '1', '3eeec85b8e304913ac01135044fb4eff');
INSERT INTO `role_menu` VALUES ('e11238cbe247426f8dfd9fca31f338e6', '2017-09-25 22:46:31', '2017-09-25 22:46:31', '1', '1', null, '1', '1', '0eba9cf6523b4883a0b1671f08f97964');
INSERT INTO `role_menu` VALUES ('e37564633dc444d88d36947083f52cb6', '2017-09-25 22:46:31', '2017-09-25 22:46:31', '1', '1', null, '1', '1', '1');
INSERT INTO `role_menu` VALUES ('eae25bbd9d104f72965b98e6c55a4279', '2017-09-15 20:16:33', '2017-09-15 20:16:33', '1', '1', null, '1', '541a26de2d21483588a6d87f9cd855c6', 'df2a49f1d16f4b91bfd5af339e37a08c');
INSERT INTO `role_menu` VALUES ('ed80a422a7f940028b81ce042a0fd462', '2017-09-15 20:16:33', '2017-09-15 20:16:33', '1', '1', null, '1', '541a26de2d21483588a6d87f9cd855c6', '991b61473e1543e696e03e38904c2549');
INSERT INTO `role_menu` VALUES ('f7ce4675eef24be5886e247012daf55d', '2017-09-25 22:46:31', '2017-09-25 22:46:31', '1', '1', null, '1', '1', '124b42de84914f82b2bc064ca138e0cc');
INSERT INTO `role_menu` VALUES ('f94faa35c33946fa8deeb2fcc1ef014f', '2017-09-15 20:16:33', '2017-09-15 20:16:33', '1', '1', null, '1', '541a26de2d21483588a6d87f9cd855c6', '0caeae1b80c74879a94352e8842b8c21');
INSERT INTO `role_menu` VALUES ('fc5b7e49e5a24ce7b5d5a5217f57eff1', '2017-09-25 22:46:31', '2017-09-25 22:46:31', '1', '1', null, '1', '1', '38f11805b8b44def8cd461d5bad5860e');
INSERT INTO `role_menu` VALUES ('ff24677bda614794968433627c76fc6c', '2017-09-15 20:19:31', '2017-09-15 20:19:31', '7f1f152ef53d4963b4076c46b890cccf', '7f1f152ef53d4963b4076c46b890cccf', null, '1', '4eff49fda8d94a58ae6dacddcbd4a93a', '124b42de84914f82b2bc064ca138e0cc');
